Title,Artist(s),Year,Ranking
Breathe,Faith Hill,2000,1
Smooth,Santana featuring Rob Thomas,2000,2
Maria Maria,Santana featuring The Product G&B,2000,3
I Wanna Know,Joe,2000,4
Everything You Want,Vertical Horizon,2000,5
Say My Name,Destiny's Child,2000,6
I Knew I Loved You,Savage Garden,2000,7
Amazed,Lonestar,2000,8
Bent,Matchbox Twenty,2000,9
He Wasn't Man Enough,Toni Braxton,2000,10
Higher,Creed,2000,11
Try Again,Aaliyah,2000,12
"Jumpin', Jumpin'",Destiny's Child,2000,13
Thong Song,Sisqó,2000,14
Kryptonite,3 Doors Down,2000,15
There You Go,Pink,2000,16
Music,Madonna,2000,17
Doesn't Really Matter,Janet Jackson,2000,18
What a Girl Wants,Christina Aguilera,2000,19
Back at One,Brian McKnight,2000,20
Bye Bye Bye,'N Sync,2000,21
You Sang to Me,Marc Anthony,2000,22
I Need to Know,Marc Anthony,2000,23
Get It On Tonite,Montell Jordan,2000,24
Incomplete,Sisqó,2000,25
I Try,Macy Gray,2000,26
It's Gonna Be Me,'N Sync,2000,27
That's the Way It Is,Celine Dion,2000,28
Country Grammar (Hot Shit),Nelly,2000,29
Bring It All to Me,Blaque,2000,30
Show Me the Meaning of Being Lonely,Backstreet Boys,2000,31
Hot Boyz,"Missy Elliott featuring Nas, Eve and Q-Tip",2000,32
Back Here,BBMak,2000,33
It Feels So Good,Sonique,2000,34
Absolutely (Story of a Girl),Nine Days,2000,35
With Arms Wide Open,Creed,2000,36
Be with You,Enrique Iglesias,2000,37
Come On Over Baby (All I Want Is You),Christina Aguilera,2000,38
No More,Ruff Endz,2000,39
All the Small Things,Blink 182,2000,40
The Way You Love Me,Faith Hill,2000,41
I Turn to You,Christina Aguilera,2000,42
Never Let You Go,Third Eye Blind,2000,43
I Need You,LeAnn Rimes,2000,44
Thank God I Found You,Mariah Carey featuring Joe and 98 Degrees,2000,45
Let's Get Married,Jagged Edge,2000,46
My Love Is Your Love,Whitney Houston,2000,47
Then the Morning Comes,Smash Mouth,2000,48
Blue (Da Ba Dee),Eiffel 65,2000,49
Desert Rose,Sting featuring Cheb Mami,2000,50
The Real Slim Shady,Eminem,2000,51
Most Girls,Pink,2000,52
Wifey,Next,2000,53
Wonderful,Everclear,2000,54
Oops!... I Did It Again,Britney Spears,2000,55
I Wanna Love You Forever,Jessica Simpson,2000,56
Give Me Just One Night (Una Noche),98 Degrees,2000,57
Take a Picture,Filter,2000,58
Otherside,Red Hot Chili Peppers,2000,59
Big Pimpin',Jay-Z featuring UGK,2000,60
Purest of Pain (A Puro Dolor),Son by Four,2000,61
He Can't Love U,Jagged Edge,2000,62
Separated,Avant,2000,63
I Wish,Carl Thomas,2000,64
U Know What's Up,Donell Jones,2000,65
Faded,soulDecision featuring Thrust,2000,66
Only God Knows Why,Kid Rock,2000,67
Shake Ya Ass,Mystikal,2000,68
Bag Lady,Erykah Badu,2000,69
Meet Virginia,Train,2000,70
Party Up (Up in Here),DMX,2000,71
Case of the Ex (Whatcha Gonna Do),Mýa,2000,72
Forgot About Dre,Dr. Dre featuring Eminem,2000,73
That's the Way,Jo Dee Messina,2000,74
Swear It Again,Westlife,2000,75
The Next Episode,Dr. Dre featuring Snoop Dogg,2000,76
From the Bottom of My Broken Heart,Britney Spears,2000,77
Crash and Burn,Savage Garden,2000,78
Yes!,Chad Brock,2000,79
The Best Day,George Strait,2000,80
Where I Wanna Be,Donell Jones,2000,81
How Do You Like Me Now?!,Toby Keith,2000,82
My Best Friend,Tim McGraw,2000,83
Broadway,Goo Goo Dolls,2000,84
What'chu Like,Da Brat featuring Tyrese,2000,85
Don't Think I'm Not,Kandi,2000,86
I Hope You Dance,Lee Ann Womack with Sons of the Desert,2000,87
Better Off Alone,Alice Deejay,2000,88
Dance with Me,Debelah Morgan,2000,89
What About Now,Lonestar,2000,90
I Like It,Sammie,2000,91
24/7,Kevon Edmonds,2000,92
Girl on TV,LFO,2000,93
Bounce with Me,Lil' Bow Wow featuring Xscape,2000,94
Cowboy Take Me Away,Dixie Chicks,2000,95
I Don't Wanna,Aaliyah,2000,96
Independent Women Part I,Destiny's Child,2000,97
Gotta Tell You,Samantha Mumba,2000,98
Waiting for Tonight,Jennifer Lopez,2000,99
Shackles (Praise You),Mary Mary,2000,100
Hanging by a Moment,Lifehouse,2001,1
Fallin',Alicia Keys,2001,2
All for You,Janet Jackson,2001,3
Drops of Jupiter (Tell Me),Train,2001,4
I'm Real (Murder Remix),Jennifer Lopez featuring Ja Rule,2001,5
If You're Gone,Matchbox Twenty,2001,6
Let Me Blow Ya Mind,Eve featuring Gwen Stefani,2001,7
Thank You,Dido,2001,8
Again,Lenny Kravitz,2001,9
Independent Women Part I,Destiny's Child,2001,10
Hit 'Em Up Style (Oops!),Blu Cantrell,2001,11
It Wasn't Me,Shaggy featuring Rikrok,2001,12
Stutter,Joe featuring Mystikal,2001,13
It's Been Awhile,Staind,2001,14
U Remind Me,Usher,2001,15
Where the Party At,Jagged Edge with Nelly,2001,16
Angel,Shaggy featuring Rayvon,2001,17
Ride wit Me,Nelly featuring City Spud,2001,18
Follow Me,Uncle Kracker,2001,19
Peaches & Cream,112,2001,20
Drive,Incubus,2001,21
What Would You Do?,City High,2001,22
Survivor,Destiny's Child,2001,23
Lady Marmalade,"Christina Aguilera, Lil' Kim, Mýa and Pink",2001,24
Ms. Jackson,Outkast,2001,25
Love Don't Cost a Thing,Jennifer Lopez,2001,26
The Way You Love Me,Faith Hill,2001,27
He Loves U Not,Dream,2001,28
Butterfly,Crazy Town,2001,29
Put It on Me,Ja Rule featuring Lil' Mo and Vita,2001,30
Family Affair,Mary J. Blige,2001,31
I Hope You Dance,Lee Ann Womack,2001,32
South Side,Moby featuring Gwen Stefani,2001,33
Don't Tell Me,Madonna,2001,34
Get Ur Freak On,Missy Elliott,2001,35
Crazy,K-Ci & JoJo,2001,36
Fill Me In,Craig David,2001,37
Someone to Call My Lover,Janet Jackson,2001,38
With Arms Wide Open,Creed,2001,39
Case of the Ex (Whatcha Gonna Do),Mýa,2001,40
All or Nothing,O-Town,2001,41
Bootylicious,Destiny's Child,2001,42
I'm Like a Bird,Nelly Furtado,2001,43
Kryptonite,3 Doors Down,2001,44
Fiesta,R. Kelly featuring Jay-Z,2001,45
When It's Over,Sugar Ray,2001,46
Jaded,Aerosmith,2001,47
Promise,Jagged Edge,2001,48
Missing You,Case,2001,49
Differences,Ginuwine,2001,50
This I Promise You,NSYNC,2001,51
Izzo (H.O.V.A.),Jay-Z,2001,52
Superwoman Pt. II,Lil' Mo featuring Fabolous,2001,53
Crazy for This Girl,Evan and Jaron,2001,54
Nobody Wants to Be Lonely,Ricky Martin and Christina Aguilera,2001,55
I Just Wanna Love U (Give It 2 Me),Jay-Z,2001,56
One Minute Man,Missy Elliott featuring Ludacris,2001,57
Danger (Been So Long),Mystikal featuring Nivea,2001,58
Only Time,Enya,2001,59
I Do!!,Toya,2001,60
Never Had a Dream Come True,S Club 7,2001,61
Stranger in My House,Tamia,2001,62
Irresistible,Jessica Simpson,2001,63
Heard It All Before,Sunshine Anderson,2001,64
The Space Between,Dave Matthews Band,2001,65
There You'll Be,Faith Hill,2001,66
Love,Musiq Soulchild,2001,67
It's Over Now,112,2001,68
No More (Baby I'ma Do Right),3LW,2001,69
Turn Off the Light,Nelly Furtado,2001,70
Ain't Nothing 'bout You,Brooks & Dunn,2001,71
Play,Jennifer Lopez,2001,72
I'm Already There,Lonestar,2001,73
My Baby,Lil' Romeo,2001,74
Beautiful Day,U2,2001,75
Austin,Blake Shelton,2001,76
Southern Hospitality,Ludacris,2001,77
Grown Men Don't Cry,Tim McGraw,2001,78
Livin' It Up,Ja Rule featuring Case,2001,79
Loverboy,Mariah Carey featuring Cameo,2001,80
Contagious,The Isley Brothers featuring R. Kelly and Chanté Moore,2001,81
Who I Am,Jessica Andrews,2001,82
Music,Erick Sermon featuring Marvin Gaye,2001,83
I Wanna Be Bad,Willa Ford,2001,84
Don't Happen Twice,Kenny Chesney,2001,85
One More Day,Diamond Rio,2001,86
I Wish,R. Kelly,2001,87
It's a Great Day to Be Alive,Travis Tritt,2001,88
I'm a Thug,Trick Daddy,2001,89
Here's to the Night,Eve 6,2001,90
You Shouldn't Kiss Me Like This,Toby Keith,2001,91
Get Over Yourself,Eden's Crush,2001,92
Dance with Me,Debelah Morgan,2001,93
"So Fresh, So Clean",Outkast,2001,94
E.I.,Nelly,2001,95
Be Like That,3 Doors Down,2001,96
Most Girls,Pink,2001,97
Oochie Wally,QB Finest featuring Nas and Bravehearts,2001,98
Hero,Enrique Iglesias,2001,99
Hemorrhage (In My Hands),Fuel,2001,100
How You Remind Me,Nickelback,2002,1
Foolish,Ashanti,2002,2
Hot in Herre,Nelly,2002,3
Dilemma,Nelly featuring Kelly Rowland,2002,4
Wherever You Will Go,The Calling,2002,5
A Thousand Miles,Vanessa Carlton,2002,6
In the End,Linkin Park,2002,7
What's Luv?,Fat Joe featuring Ashanti,2002,8
U Got It Bad,Usher,2002,9
Blurry,Puddle of Mudd,2002,10
Complicated,Avril Lavigne,2002,11
Always on Time,Ja Rule featuring Ashanti,2002,12
Ain't It Funny (Murder Remix),Jennifer Lopez featuring Ja Rule,2002,13
The Middle,Jimmy Eat World,2002,14
I Need a Girl (Part One),P. Diddy featuring Usher and Loon,2002,15
U Don't Have to Call,Usher,2002,16
Family Affair,Mary J. Blige,2002,17
I Need a Girl (Part Two),"P. Diddy featuring Ginuwine, Loon and Mario Winans",2002,18
Gangsta Lovin',Eve featuring Alicia Keys,2002,19
My Sacrifice,Creed,2002,20
Without Me,Eminem,2002,21
Hero,Enrique Iglesias,2002,22
All You Wanted,Michelle Branch,2002,23
Get the Party Started,Pink,2002,24
Hero,Chad Kroeger featuring Josey Scott,2002,25
Wasting My Time,Default,2002,26
One Last Breath,Creed,2002,27
"Whenever, Wherever",Shakira,2002,28
I'm Gonna Be Alright,Jennifer Lopez featuring Nas,2002,29
Oh Boy,Cam'ron featuring Juelz Santana,2002,30
Heaven,DJ Sammy featuring Yanou and Do,2002,31
Hey Baby,No Doubt featuring Bounty Killer,2002,32
Girlfriend,NSYNC featuring Nelly,2002,33
Just a Friend 2002,Mario,2002,34
Soak Up the Sun,Sheryl Crow,2002,35
Don't Let Me Get Me,Pink,2002,36
Nothin',N.O.R.E.,2002,37
Oops (Oh My),Tweet featuring Missy Elliott,2002,38
A Moment Like This,Kelly Clarkson,2002,39
Addictive,Truth Hurts featuring Rakim,2002,40
Happy,Ashanti,2002,41
No Such Thing,John Mayer,2002,42
Just Like a Pill,Pink,2002,43
Down 4 U,"Ja Rule featuring Ashanti, Charli Baltimore and Vita",2002,44
Can't Get You Out of My Head,Kylie Minogue,2002,45
Superman (It's Not Easy),Five for Fighting,2002,46
Cleanin' Out My Closet,Eminem,2002,47
Halfcrazy,Musiq Soulchild,2002,48
"Lights, Camera, Action!",Mr. Cheeks,2002,49
Still Fly,Big Tymers,2002,50
A Woman's Worth,Alicia Keys,2002,51
7 Days,Craig David,2002,52
Hey Ma,Cam'ron featuring Juelz Santana and Freekey Zekey,2002,53
Work It,Missy Elliott,2002,54
Move Bitch,Ludacris featuring Mystikal and I-20,2002,55
Can't Fight the Moonlight,LeAnn Rimes,2002,56
Escape,Enrique Iglesias,2002,57
More Than A Woman,Aaliyah,2002,58
Hella Good,No Doubt,2002,59
I Love You,Faith Evans,2002,60
Gotta Get thru This,Daniel Bedingfield,2002,61
"Pass the Courvoisier, Part II",Busta Rhymes featuring P. Diddy and Pharrell,2002,62
Lose Yourself,Eminem,2002,63
Butterflies,Michael Jackson,2002,64
What About Us?,Brandy,2002,65
Underneath Your Clothes,Shakira,2002,66
Rainy Dayz,Mary J. Blige featuring Ja Rule,2002,67
Differences,Ginuwine,2002,68
If I Could Go!,Angie Martinez featuring Lil' Mo and Sacario,2002,69
The Whole World,Outkast featuring Killer Mike,2002,70
Underneath It All,No Doubt featuring Lady Saw,2002,71
Caramel,City High featuring Eve,2002,72
Luv U Better,LL Cool J,2002,73
Gimme the Light,Sean Paul,2002,74
Gone,NSYNC,2002,75
Livin' It Up,Ja Rule featuring Case,2002,76
Rollout (My Business),Ludacris,2002,77
Here Is Gone,Goo Goo Dolls,2002,78
No More Drama,Mary J. Blige,2002,79
Days Go By,Dirty Vegas,2002,80
Baby,Ashanti,2002,81
The Good Stuff,Kenny Chesney,2002,82
We Thuggin',Fat Joe featuring R. Kelly,2002,83
Good Morning Beautiful,Steve Holy,2002,84
Rock the Boat,Aaliyah,2002,85
Drive (For Daddy Gene),Alan Jackson,2002,86
Standing Still,Jewel,2002,87
Anything,Jaheim featuring Next,2002,88
Full Moon,Brandy,2002,89
Uh Huh,B2K,2002,90
A New Day Has Come,Celine Dion,2002,91
Turn Off the Light,Nelly Furtado,2002,92
Living and Living Well,George Strait,2002,93
My List,Toby Keith,2002,94
Hands Clean,Alanis Morissette,2002,95
Sk8er Boi,Avril Lavigne,2002,96
Long Time Gone,Dixie Chicks,2002,97
Where Were You (When the World Stopped Turning),Alan Jackson,2002,98
Like I Love You,Justin Timberlake,2002,99
I Do!!,Toya,2002,100
In da Club,50 Cent,2003,1
Ignition,R. Kelly,2003,2
Get Busy,Sean Paul,2003,3
Crazy in Love,Beyoncé featuring Jay-Z,2003,4
When I'm Gone,3 Doors Down,2003,5
Unwell,Matchbox Twenty,2003,6
Right Thurr,Chingy,2003,7
Miss You,Aaliyah,2003,8
Picture,Kid Rock featuring Sheryl Crow,2003,9
Bring Me to Life,Evanescence featuring Paul McCoy,2003,10
Get Low,Lil Jon & The East Side Boyz featuring Ying Yang Twins,2003,11
Baby Boy,Beyoncé featuring Sean Paul,2003,12
Shake Ya Tailfeather,"Nelly, P. Diddy and Murphy Lee",2003,13
21 Questions,50 Cent featuring Nate Dogg,2003,14
All I Have,Jennifer Lopez featuring LL Cool J,2003,15
Beautiful,Christina Aguilera,2003,16
I Know What You Want,Busta Rhymes and Mariah Carey featuring Flipmode Squad,2003,17
I'm with You,Avril Lavigne,2003,18
Drift Away,Uncle Kracker featuring Dobie Gray,2003,19
Magic Stick,Lil' Kim featuring 50 Cent,2003,20
P.I.M.P.,50 Cent,2003,21
"Bump, Bump, Bump",B2K and P. Diddy,2003,22
Into You,Fabolous featuring Tamia,2003,23
Can't Let You Go,Fabolous featuring Lil' Mo and Mike Shorey,2003,24
Mesmerize,Ja Rule featuring Ashanti,2003,25
Where Is the Love?,Black Eyed Peas,2003,26
The Game of Love,Santana featuring Michelle Branch,2003,27
Lose Yourself,Eminem,2003,28
Rock wit U (Awww Baby),Ashanti,2003,29
Cry Me a River,Justin Timberlake,2003,30
How You Gonna Act Like That,Tyrese,2003,31
Rock Your Body,Justin Timberlake,2003,32
No Letting Go,Wayne Wonder,2003,33
Frontin',Pharrell featuring Jay-Z,2003,34
Landslide,Dixie Chicks,2003,35
Work It,Missy Elliott,2003,36
'03 Bonnie & Clyde,Jay-Z featuring Beyoncé,2003,37
Don't Mess with My Man,Nivea featuring Jagged Edge,2003,38
So Gone,Monica,2003,39
Air Force Ones,"Nelly featuring Murphy Lee, Ali, and Kyjuan",2003,40
"Never Leave You (Uh Oooh, Uh Oooh)",Lumidee,2003,41
Beautiful,Snoop Dogg featuring Pharrell and Charlie Wilson,2003,42
Gossip Folks,Missy Elliott featuring Ludacris,2003,43
Miss Independent,Kelly Clarkson,2003,44
Calling All Angels,Train,2003,45
Damn!,YoungBloodZ featuring Lil Jon,2003,46
This Is the Night,Clay Aiken,2003,47
Your Body Is a Wonderland,John Mayer,2003,48
Headstrong,Trapt,2003,49
In Those Jeans,Ginuwine,2003,50
Stand Up,Ludacris featuring Shawnna,2003,51
The Remedy (I Won't Worry),Jason Mraz,2003,52
Why Don't You & I,Santana featuring Alex Band,2003,53
Excuse Me Miss,Jay-Z,2003,54
Jenny from the Block,Jennifer Lopez featuring Jadakiss and Styles P,2003,55
Are You Happy Now?,Michelle Branch,2003,56
Forever and for Always,Shania Twain,2003,57
I Can,Nas,2003,58
Underneath It All,No Doubt featuring Lady Saw,2003,59
If You're Not the One,Daniel Bedingfield,2003,60
Thoia Thoing,R. Kelly,2003,61
Here Without You,3 Doors Down,2003,62
Wanksta,50 Cent,2003,63
My Love Is Like...Wo,Mýa,2003,64
It's Five O'Clock Somewhere,Alan Jackson featuring Jimmy Buffett,2003,65
Like Glue,Sean Paul,2003,66
Can't Hold Us Down,Christina Aguilera featuring Lil' Kim,2003,67
My Front Porch Looking In,Lonestar,2003,68
Angel,Amanda Perez,2003,69
She Hates Me,Puddle of Mudd,2003,70
Don't Wanna Try,Frankie J,2003,71
The Jump Off,Lil' Kim featuring Mr. Cheeks,2003,72
Intuition,Jewel,2003,73
Hell Yeah,Ginuwine featuring Baby,2003,74
Beer for My Horses,Toby Keith featuring Willie Nelson,2003,75
Holidae In,Chingy featuring Ludacris and Snoop Dogg,2003,76
Suga Suga,Baby Bash featuring Frankie J,2003,77
Love of My Life (An Ode to Hip-Hop),Erykah Badu featuring Common,2003,78
Fighter,Christina Aguilera,2003,79
Thugz Mansion,2Pac,2003,80
Clocks,Coldplay,2003,81
Put That Woman First,Jaheim,2003,82
Rain on Me,Ashanti,2003,83
19 Somethin',Mark Wills,2003,84
"Can't Stop, Won't Stop",Young Gunz,2003,85
Red Dirt Road,Brooks & Dunn,2003,86
What Was I Thinkin',Dierks Bentley,2003,87
Flying Without Wings,Ruben Studdard,2003,88
Sing for the Moment,Eminem,2003,89
Have You Forgotten?,Darryl Worley,2003,90
"No Shoes, No Shirt, No Problems",Kenny Chesney,2003,91
Come Over,Aaliyah,2003,92
Sick of Being Lonely,Field Mob,2003,93
Step in the Name of Love,R. Kelly,2003,94
I Want You,Thalía featuring Fat Joe,2003,95
Like a Stone,Audioslave,2003,96
Don't Know Why,Norah Jones,2003,97
Superman,Eminem,2003,98
Real Good Man,Tim McGraw,2003,99
Say Yes,Floetry,2003,100
Yeah!,Usher featuring Lil Jon and Ludacris,2004,1
Burn,Usher,2004,2
If I Ain't Got You,Alicia Keys,2004,3
This Love,Maroon 5,2004,4
The Way You Move,OutKast featuring Sleepy Brown,2004,5
The Reason,Hoobastank,2004,6
I Don't Wanna Know,Mario Winans featuring Enya and P. Diddy,2004,7
Hey Ya!,OutKast,2004,8
Goodies,Ciara featuring Petey Pablo,2004,9
Lean Back,Terror Squad featuring Fat Joe and Remy Ma,2004,10
Tipsy,J-Kwon,2004,11
Confessions Part II,Usher,2004,12
Slow Motion,Juvenile featuring Soulja Slim,2004,13
Freek-a-Leek,Petey Pablo,2004,14
Here Without You,3 Doors Down,2004,15
Slow Jamz,Twista featuring Kanye West and Jamie Foxx,2004,16
Someday,Nickelback,2004,17
Naughty Girl,Beyoncé,2004,18
My Immortal,Evanescence,2004,19
Sunshine,Lil' Flip featuring Lea,2004,20
Dirt Off Your Shoulder,Jay-Z,2004,21
Move Ya Body,Nina Sky featuring Jabba,2004,22
Dip It Low,Christina Milian,2004,23
My Boo,Usher and Alicia Keys,2004,24
One Call Away,Chingy featuring J-Weav,2004,25
"Me, Myself and I",Beyoncé,2004,26
Turn Me On,Kevin Lyttle featuring Spragga Benz,2004,27
The First Cut Is the Deepest,Sheryl Crow,2004,28
You Don't Know My Name,Alicia Keys,2004,29
My Place,Nelly featuring Jaheim,2004,30
Overnight Celebrity,Twista,2004,31
Hotel,Cassidy featuring R. Kelly,2004,32
Numb,Linkin Park,2004,33
Diary,Alicia Keys featuring Tony! Toni! Toné!,2004,34
She Will Be Loved,Maroon 5,2004,35
White Flag,Dido,2004,36
Heaven,Los Lonely Boys,2004,37
It's My Life,No Doubt,2004,38
Pieces of Me,Ashlee Simpson,2004,39
Leave (Get Out),JoJo,2004,40
Milkshake,Kelis,2004,41
Splash Waterfalls,Ludacris,2004,42
Jesus Walks,Kanye West,2004,43
Locked Up,Akon featuring Styles P,2004,44
Stand Up,Ludacris featuring Shawnna,2004,45
Suga Suga,Baby Bash featuring Frankie J,2004,46
All Falls Down,Kanye West featuring Syleena Johnson,2004,47
Toxic,Britney Spears,2004,48
Salt Shaker,Ying Yang Twins featuring Lil Jon & the East Side Boyz,2004,49
With You,Jessica Simpson,2004,50
Meant to Live,Switchfoot,2004,51
I Like That,"Houston featuring Chingy, Nate Dogg and I-20",2004,52
Sorry 2004,Ruben Studdard,2004,53
My Happy Ending,Avril Lavigne,2004,54
On Fire,Lloyd Banks,2004,55
Roses,OutKast,2004,56
Walked Outta Heaven,Jagged Edge,2004,57
Lose My Breath,Destiny's Child,2004,58
My Band,D12,2004,59
I'm Still in Love with You,Sean Paul featuring Sasha,2004,60
Through the Wire,Kanye West,2004,61
Why?,Jadakiss featuring Anthony Hamilton,2004,62
Fuck It (I Don't Want You Back),Eamon,2004,63
Read Your Mind,Avant,2004,64
Game Over (Flip),Lil' Flip,2004,65
One Thing,Finger Eleven,2004,66
Headsprung,LL Cool J,2004,67
Damn!,YoungBloodZ featuring Lil Jon,2004,68
Baby Boy,Beyoncé featuring Sean Paul,2004,69
Get Low,Lil Jon & the East Side Boyz featuring Ying Yang Twins,2004,70
Drop It Like It's Hot,Snoop Dogg featuring Pharrell,2004,71
U Should've Known Better,Monica,2004,72
On the Way Down,Ryan Cabrera,2004,73
Breakaway,Kelly Clarkson,2004,74
Why Don't You & I,Santana featuring Alex Band or Chad Kroeger,2004,75
Are You Gonna Be My Girl,Jet,2004,76
100 Years,Five for Fighting,2004,77
Step in the Name of Love,R. Kelly,2004,78
Breaking the Habit,Linkin Park,2004,79
Gigolo,Nick Cannon featuring R. Kelly,2004,80
Live Like You Were Dying,Tim McGraw,2004,81
Remember When,Alan Jackson,2004,82
Everytime,Britney Spears,2004,83
Southside,Lloyd featuring Ashanti,2004,84
Dude,Beenie Man featuring Ms. Thing,2004,85
Wanna Get to Know You,G-Unit featuring Joe,2004,86
Holidae In,Chingy featuring Ludacris and Snoop Dogg,2004,87
Let's Get It Started,The Black Eyed Peas,2004,88
When the Sun Goes Down,Kenny Chesney and Uncle Kracker,2004,89
American Soldier,Toby Keith,2004,90
Change Clothes,Jay-Z,2004,91
Don't Tell Me,Avril Lavigne,2004,92
You'll Think of Me,Keith Urban,2004,93
Happy People,R. Kelly,2004,94
Hey Mama,The Black Eyed Peas,2004,95
Over and Over,Nelly featuring Tim McGraw,2004,96
Redneck Woman,Gretchen Wilson,2004,97
Just Lose It,Eminem,2004,98
Letters from Home,John Michael Montgomery,2004,99
I Go Back,Kenny Chesney,2004,100
We Belong Together,Mariah Carey,2005,1
Hollaback Girl,Gwen Stefani,2005,2
Let Me Love You,Mario,2005,3
Since U Been Gone,Kelly Clarkson,2005,4
"1, 2 Step",Ciara featuring Missy Elliott,2005,5
Gold Digger,Kanye West featuring Jamie Foxx,2005,6
Boulevard of Broken Dreams,Green Day,2005,7
Candy Shop,50 Cent featuring Olivia,2005,8
Don't Cha,The Pussycat Dolls featuring Busta Rhymes,2005,9
Behind These Hazel Eyes,Kelly Clarkson,2005,10
Disco Inferno,50 Cent,2005,11
You and Me,Lifehouse,2005,12
Don't Phunk with My Heart,The Black Eyed Peas,2005,13
Lose Control,Missy Elliott featuring Ciara and Fatman Scoop,2005,14
Shake It Off,Mariah Carey,2005,15
Mr. Brightside,The Killers,2005,16
Just a Lil Bit,50 Cent,2005,17
Pon de Replay,Rihanna,2005,18
How We Do,The Game featuring 50 Cent,2005,19
Beverly Hills,Weezer,2005,20
Oh,Ciara featuring Ludacris,2005,21
Lonely No More,Rob Thomas,2005,22
Drop It Like It's Hot,Snoop Dogg featuring Pharrell,2005,23
Hate It or Love It,The Game featuring 50 Cent,2005,24
Lovers & Friends,Lil Jon featuring Usher and Ludacris,2005,25
Soldier,Destiny's Child featuring T.I. and Lil Wayne,2005,26
Breakaway,Kelly Clarkson,2005,27
Switch,Will Smith,2005,28
Let Me Hold You,Bow Wow featuring Omarion,2005,29
Like You,Bow Wow featuring Ciara,2005,30
Rich Girl,Gwen Stefani featuring Eve,2005,31
My Humps,The Black Eyed Peas,2005,32
Obsession (No Es Amor),Frankie J featuring Baby Bash,2005,33
Caught Up,Usher,2005,34
Listen to Your Heart,DHT featuring Edmee,2005,35
Scars,Papa Roach,2005,36
Feel Good Inc.,Gorillaz,2005,37
Let Me Go,3 Doors Down,2005,38
Holiday,Green Day,2005,39
"Sugar, We're Goin Down",Fall Out Boy,2005,40
Grind with Me,Pretty Ricky,2005,41
Run It!,Chris Brown featuring Juelz Santana,2005,42
Photograph,Nickelback,2005,43
Lonely,Akon,2005,44
Collide,Howie Day,2005,45
Wake Me Up When September Ends,Green Day,2005,46
Slow Down,Bobby Valentino,2005,47
Over and Over,Nelly featuring Tim McGraw,2005,48
Some Cut,Trillville featuring Cutty,2005,49
Get It Poppin',Fat Joe featuring Nelly,2005,50
Play,David Banner,2005,51
Soul Survivor,Young Jeezy featuring Akon,2005,52
Pimpin' All Over the World,Ludacris featuring Bobby Valentino,2005,53
My Boo,Usher and Alicia Keys,2005,54
Sugar (Gimme Some),"Trick Daddy featuring Ludacris, Lil' Kim and Cee Lo Green",2005,55
Karma,Alicia Keys,2005,56
Speed of Sound,Coldplay,2005,57
I Don't Want to Be,Gavin DeGraw,2005,58
Mockingbird,Eminem,2005,59
La Tortura,Shakira featuring Alejandro Sanz,2005,60
She Will Be Loved,Maroon 5,2005,61
Baby I'm Back,Baby Bash featuring Akon,2005,62
Wait (The Whisper Song),Ying Yang Twins,2005,63
Incomplete,Backstreet Boys,2005,64
Bring Em Out,T.I.,2005,65
Cater 2 U,Destiny's Child,2005,66
1 Thing,Amerie,2005,67
Best of You,Foo Fighters,2005,68
It's Like That,Mariah Carey featuring Jermaine Dupri and Fatman Scoop,2005,69
Goin' Crazy,Natalie,2005,70
Inside Your Heaven,Carrie Underwood,2005,71
Because of You,Kelly Clarkson,2005,72
Truth Is,Fantasia,2005,73
Your Body,Pretty Ricky,2005,74
Beautiful Soul,Jesse McCartney,2005,75
Cool,Gwen Stefani,2005,76
Get Back,Ludacris,2005,77
Outta Control,50 Cent featuring Mobb Deep,2005,78
U Don't Know Me,T.I.,2005,79
These Words,Natasha Bedingfield,2005,80
Don't Lie,The Black Eyed Peas,2005,81
Get Right,Jennifer Lopez,2005,82
Daughters,John Mayer,2005,83
As Good as I Once Was,Toby Keith,2005,84
Girlfight,Brooke Valentine featuring Lil Jon and Big Boi,2005,85
Lose My Breath,Destiny's Child,2005,86
Ordinary People,John Legend,2005,87
We Be Burnin',Sean Paul,2005,88
Just the Girl,The Click Five,2005,89
True,Ryan Cabrera,2005,90
O,Omarion,2005,91
Back Then,Mike Jones,2005,92
Numb/Encore,Jay-Z and Linkin Park,2005,93
Wonderful,Ja Rule featuring R. Kelly and Ashanti,2005,94
I'm Sprung,T-Pain,2005,95
Chariot,Gavin DeGraw,2005,96
U Already Know,112 featuring Foxy Brown,2005,97
Mississippi Girl,Faith Hill,2005,98
Number One Spot,Ludacris,2005,99
Give Me That,Webbie featuring Bun B,2005,100
Bad Day,Daniel Powter,2006,1
Temperature,Sean Paul,2006,2
Promiscuous,Nelly Furtado featuring Timbaland,2006,3
You're Beautiful,James Blunt,2006,4
Hips Don't Lie,Shakira featuring Wyclef Jean,2006,5
Unwritten,Natasha Bedingfield,2006,6
Crazy,Gnarls Barkley,2006,7
Ridin',Chamillionaire featuring Krayzie Bone,2006,8
SexyBack,Justin Timberlake featuring Timbaland,2006,9
Check on It,Beyoncé featuring Slim Thug,2006,10
Be Without You,Mary J. Blige,2006,11
Grillz,"Nelly, Paul Wall and Ali & Gipp",2006,12
Over My Head (Cable Car),The Fray,2006,13
Me & U,Cassie,2006,14
Buttons,Pussycat Dolls featuring Snoop Dogg,2006,15
Run It!,Chris Brown featuring Juelz Santana,2006,16
So Sick,Ne-Yo,2006,17
It's Goin' Down,Yung Joc featuring Nitti,2006,18
SOS,Rihanna,2006,19
I Write Sins Not Tragedies,Panic! at the Disco,2006,20
Move Along,The All-American Rejects,2006,21
London Bridge,Fergie,2006,22
Dani California,Red Hot Chili Peppers,2006,23
Snap Yo Fingers,Lil Jon featuring E-40 and Sean Paul,2006,24
"Lean wit It, Rock wit It",Dem Franchize Boyz featuring Peanut and Charlay,2006,25
What Hurts the Most,Rascal Flatts,2006,26
How to Save a Life,The Fray,2006,27
Unfaithful,Rihanna,2006,28
Chasing Cars,Snow Patrol,2006,29
Lips of an Angel,Hinder,2006,30
Everytime We Touch,Cascada,2006,31
Ain't No Other Man,Christina Aguilera,2006,32
"Dance, Dance",Fall Out Boy,2006,33
Gold Digger,Kanye West featuring Jamie Foxx,2006,34
Money Maker,Ludacris featuring Pharrell,2006,35
Ms. New Booty,Bubba Sparxxx featuring Ying Yang Twins,2006,36
(When You Gonna) Give It Up to Me,Sean Paul featuring Keyshia Cole,2006,37
Photograph,Nickelback,2006,38
Because of You,Kelly Clarkson,2006,39
Stickwitu,Pussycat Dolls,2006,40
I'm 'n Luv (wit a Stripper),T-Pain featuring Mike Jones,2006,41
My Humps,The Black Eyed Peas,2006,42
Where'd You Go,Fort Minor featuring Holly Brook and Jonah Matranga,2006,43
Yo (Excuse Me Miss),Chris Brown,2006,44
Walk Away,Kelly Clarkson,2006,45
Laffy Taffy,D4L,2006,46
What You Know,T.I.,2006,47
Dirty Little Secret,The All-American Rejects,2006,48
Savin' Me,Nickelback,2006,49
Don't Forget About Us,Mariah Carey,2006,50
Sexy Love,Ne-Yo,2006,51
U and Dat,E-40 featuring T-Pain and Kandi Girl,2006,52
Far Away,Nickelback,2006,53
What's Left of Me,Nick Lachey,2006,54
So What,Field Mob featuring Ciara,2006,55
Do It to It,Cherish featuring Sean P,2006,56
Black Horse and the Cherry Tree,KT Tunstall,2006,57
There It Go (The Whistle Song),Juelz Santana,2006,58
Shoulder Lean,Young Dro featuring T.I.,2006,59
Unpredictable,Jamie Foxx featuring Ludacris,2006,60
My Love,Justin Timberlake featuring T.I.,2006,61
Shake That,Eminem featuring Nate Dogg,2006,62
Pullin' Me Back,Chingy featuring Tyrese,2006,63
Bossy,Kelis featuring Too Short,2006,64
Chain Hang Low,Jibbs,2006,65
Smack That,Akon featuring Eminem,2006,66
One Wish,Ray J,2006,67
"Sugar, We're Goin Down",Fall Out Boy,2006,68
Gimme That,Chris Brown featuring Lil Wayne,2006,69
I Know You See It,Yung Joc,2006,70
Who Says You Can't Go Home,Bon Jovi featuring Jennifer Nettles,2006,71
Too Little Too Late,JoJo,2006,72
Touch It,Busta Rhymes,2006,73
Rompe,Daddy Yankee,2006,74
Déjà Vu,Beyoncé featuring Jay-Z,2006,75
Life Is a Highway,Rascal Flatts,2006,76
Call Me When You're Sober,Evanescence,2006,77
"Jesus, Take the Wheel",Carrie Underwood,2006,78
Show Stopper,Danity Kane featuring Yung Joc,2006,79
Get Up,Ciara featuring Chamillionaire,2006,80
We Be Burnin',Sean Paul,2006,81
Hate Me,Blue October,2006,82
You and Me,Lifehouse,2006,83
Beep,Pussycat Dolls featuring will.i.am,2006,84
I Think They Like Me,"Dem Franchize Boyz featuring Jermaine Dupri, Da Brat and Bow Wow",2006,85
Say Goodbye,Chris Brown,2006,86
Waiting on the World to Change,John Mayer,2006,87
Soul Survivor,Young Jeezy featuring Akon,2006,88
Pump It,The Black Eyed Peas,2006,89
When I'm Gone,Eminem,2006,90
Hung Up,Madonna,2006,91
Stay Fly,Three 6 Mafia featuring Young Buck and 8Ball & MJG,2006,92
Love,Keyshia Cole,2006,93
When You're Mad,Ne-Yo,2006,94
Why You Wanna,T.I.,2006,95
Stupid Girls,Pink,2006,96
Feel Good Inc.,Gorillaz,2006,97
I'm Sprung,T-Pain,2006,98
Do I Make You Proud,Taylor Hicks,2006,99
For You I Will (Confidence),Teddy Geiger,2006,100
Irreplaceable,Beyoncé,2007,1
Umbrella,Rihanna featuring Jay-Z,2007,2
The Sweet Escape,Gwen Stefani featuring Akon,2007,3
Big Girls Don't Cry,Fergie,2007,4
Buy U a Drank (Shawty Snappin'),T-Pain featuring Yung Joc,2007,5
Before He Cheats,Carrie Underwood,2007,6
Hey There Delilah,Plain White T's,2007,7
I Wanna Love You,Akon featuring Snoop Dogg,2007,8
Say It Right,Nelly Furtado,2007,9
Glamorous,Fergie featuring Ludacris,2007,10
Don't Matter,Akon,2007,11
Girlfriend,Avril Lavigne,2007,12
Makes Me Wonder,Maroon 5,2007,13
Party Like a Rockstar,Shop Boyz,2007,14
Smack That,Akon featuring Eminem,2007,15
This Is Why I'm Hot,Mims,2007,16
It's Not Over,Daughtry,2007,17
The Way I Are,Timbaland featuring Keri Hilson,2007,18
Fergalicious,Fergie featuring will.i.am,2007,19
Crank That (Soulja Boy),Soulja Boy Tell 'Em,2007,20
Give It to Me,Timbaland featuring Nelly Furtado and Justin Timberlake,2007,21
What Goes Around... Comes Around,Justin Timberlake,2007,22
Cupid's Chokehold,Gym Class Heroes featuring Patrick Stump,2007,23
How to Save a Life,The Fray,2007,24
Home,Daughtry,2007,25
My Love,Justin Timberlake featuring T.I.,2007,26
Stronger,Kanye West,2007,27
We Fly High,Jim Jones,2007,28
U + Ur Hand,Pink,2007,29
Walk It Out,Unk,2007,30
Beautiful Girls,Sean Kingston,2007,31
"This Ain't a Scene, It's an Arms Race",Fall Out Boy,2007,32
Bartender,T-Pain featuring Akon,2007,33
"Pop, Lock & Drop It",Huey,2007,34
Runaway Love,Ludacris featuring Mary J. Blige,2007,35
Rockstar,Nickelback,2007,36
Thnks fr th Mmrs,Fall Out Boy,2007,37
What I've Done,Linkin Park,2007,38
Summer Love,Justin Timberlake,2007,39
You,Lloyd featuring Lil Wayne,2007,40
Wait for You,Elliott Yamin,2007,41
Last Night,Diddy featuring Keyshia Cole,2007,42
Make It Rain,Fat Joe featuring Lil Wayne,2007,43
Make Me Better,Fabolous featuring Ne-Yo,2007,44
Ice Box,Omarion,2007,45
Lips of an Angel,Hinder,2007,46
Waiting on the World to Change,John Mayer,2007,47
Lost Without U,Robin Thicke,2007,48
I'm a Flirt,R. Kelly featuring T.I. and T-Pain,2007,49
If Everyone Cared,Nickelback,2007,50
Get It Shawty,Lloyd,2007,51
Face Down,The Red Jumpsuit Apparatus,2007,52
The Way I Live,Baby Boy da Prince,2007,53
Shortie Like Mine,Bow Wow featuring Chris Brown and Johntá Austin,2007,54
It Ends Tonight,The All-American Rejects,2007,55
A Bay Bay,Hurricane Chris,2007,56
Because of You,Ne-Yo,2007,57
I Tried,Bone Thugs-n-Harmony featuring Akon,2007,58
Welcome To The Black Parade,My Chemical Romance,2007,59
Shawty,Plies featuring T-Pain,2007,60
Chasing Cars,Snow Patrol,2007,61
Beautiful Liar,Beyoncé and Shakira,2007,62
SexyBack,Justin Timberlake featuring Timbaland,2007,63
Keep Holding On,Avril Lavigne,2007,64
Let It Go,Keyshia Cole featuring Missy Elliott and Lil' Kim,2007,65
Apologize,OneRepublic,2007,66
Bubbly,Colbie Caillat,2007,67
Like a Boy,Ciara,2007,68
Who Knew,Pink,2007,69
Never Again,Kelly Clarkson,2007,70
Promise,Ciara,2007,71
Bed,J. Holiday,2007,72
Throw Some D's,Rich Boy featuring Polow da Don,2007,73
Rehab,Amy Winehouse,2007,74
Big Shit Poppin' (Do It),T.I.,2007,75
No One,Alicia Keys,2007,76
The Great Escape,Boys Like Girls,2007,77
2 Step,Unk,2007,78
Walk Away (Remember Me),Paula DeAnda featuring The D.E.Y.,2007,79
Go Getta,Young Jeezy featuring R. Kelly,2007,80
Here (In Your Arms),Hellogoodbye,2007,81
On the Hotline,Pretty Ricky,2007,82
Wind It Up,Gwen Stefani,2007,83
Cyclone,Baby Bash featuring T-Pain,2007,84
Break It Off,Rihanna featuring Sean Paul,2007,85
First Time,Lifehouse,2007,86
Ayo Technology,50 Cent featuring Justin Timberlake and Timbaland,2007,87
Outta My System,Bow Wow featuring T-Pain and Johntá Austin,2007,88
Teardrops on My Guitar,Taylor Swift,2007,89
Shut Up and Drive,Rihanna,2007,90
Snow (Hey Oh),Red Hot Chili Peppers,2007,91
Money Maker,Ludacris featuring Pharrell,2007,92
Kiss Kiss,Chris Brown featuring T-Pain,2007,93
Far Away,Nickelback,2007,94
Rock Yo Hips,Crime Mob and Lil' Scrappy,2007,95
LoveStoned,Justin Timberlake,2007,96
Better than Me,Hinder,2007,97
Paralyzer,Finger Eleven,2007,98
That's That,Snoop Dogg featuring R. Kelly,2007,99
Same Girl,R. Kelly featuring Usher,2007,100
Low,Flo Rida featuring T-Pain,2008,1
Bleeding Love,Leona Lewis,2008,2
No One,Alicia Keys,2008,3
Lollipop,Lil Wayne featuring Static Major,2008,4
Apologize,OneRepublic,2008,5
No Air,Jordin Sparks and Chris Brown,2008,6
Love Song,Sara Bareilles,2008,7
Love in This Club,Usher featuring Young Jeezy,2008,8
With You,Chris Brown,2008,9
Forever,Chris Brown,2008,10
Sexy Can I,Ray J featuring Yung Berg,2008,11
Take a Bow,Rihanna,2008,12
Viva la Vida,Coldplay,2008,13
I Kissed a Girl,Katy Perry,2008,14
Whatever You Like,T.I.,2008,15
Disturbia,Rihanna,2008,16
Don't Stop the Music,Rihanna,2008,17
Pocketful of Sunshine,Natasha Bedingfield,2008,18
Kiss Kiss,Chris Brown featuring T-Pain,2008,19
Closer,Ne-Yo,2008,20
Bubbly,Colbie Caillat,2008,21
Touch My Body,Mariah Carey,2008,22
4 Minutes,Madonna featuring Justin Timberlake and Timbaland,2008,23
So What,Pink,2008,24
Paralyzer,Finger Eleven,2008,25
Clumsy,Fergie,2008,26
I'm Yours,Jason Mraz,2008,27
Leavin',Jesse McCartney,2008,28
Dangerous,Kardinal Offishall featuring Akon,2008,29
Tattoo,Jordin Sparks,2008,30
See You Again,Miley Cyrus,2008,31
Shake It,Metro Station,2008,32
Stop and Stare,OneRepublic,2008,33
Take You There,Sean Kingston,2008,34
Paper Planes,M.I.A.,2008,35
Hot n Cold,Katy Perry,2008,36
Live Your Life,T.I. featuring Rihanna,2008,37
Bust It Baby (Part 2),Plies featuring Ne-Yo,2008,38
American Boy,Estelle featuring Kanye West,2008,39
Got Money,Lil Wayne featuring T-Pain,2008,40
Our Song,Taylor Swift,2008,41
Damaged,Danity Kane,2008,42
A Milli,Lil Wayne,2008,43
Sorry,Buckcherry,2008,44
Independent,Webbie featuring Lil Boosie and Lil Phat,2008,45
Can't Believe It,T-Pain featuring Lil Wayne,2008,46
Like You'll Never See Me Again,Alicia Keys,2008,47
Teardrops on My Guitar,Taylor Swift,2008,48
When I Grow Up,Pussycat Dolls,2008,49
Sexual Eruption,Snoop Dogg,2008,50
What You Got,Colby O'Donis featuring Akon,2008,51
It's Not My Time,3 Doors Down,2008,52
Better in Time,Leona Lewis,2008,53
Crank That (Soulja Boy),Soulja Boy Tell 'Em,2008,54
Shadow of the Day,Linkin Park,2008,55
Sweetest Girl (Dollar Bill),"Wyclef Jean featuring Akon, Lil Wayne and Niia",2008,56
Miss Independent,Ne-Yo,2008,57
Fall for You,Secondhand Serenade,2008,58
In the Ayer,Flo Rida featuring will.i.am,2008,59
Say,John Mayer,2008,60
One Step at a Time,Jordin Sparks,2008,61
Hate That I Love You,Rihanna featuring Ne-Yo,2008,62
Superstar,Lupe Fiasco featuring Matthew Santos,2008,63
Suffocate,J. Holiday,2008,64
Let It Rock,Kevin Rudolf featuring Lil Wayne,2008,65
Get Like Me,David Banner featuring Chris Brown and Yung Joc,2008,66
Realize,Colbie Caillat,2008,67
Put On,Young Jeezy featuring Kanye West,2008,68
The Time of My Life,David Cook,2008,69
Lolli Lolli (Pop That Body),Three 6 Mafia,2008,70
Cyclone,Baby Bash featuring T-Pain,2008,71
Love Like This,Natasha Bedingfield featuring Sean Kingston,2008,72
Burnin' Up,Jonas Brothers,2008,73
Love Lockdown,Kanye West,2008,74
I Luv Your Girl,The-Dream,2008,75
Crush,David Archuleta,2008,76
Hypnotized,Plies featuring Akon,2008,77
Big Girls Don't Cry,Fergie,2008,78
Good Life,Kanye West featuring T-Pain,2008,79
Womanizer,Britney Spears,2008,80
Love Story,Taylor Swift,2008,81
Just Fine,Mary J. Blige,2008,82
Piece of Me,Britney Spears,2008,83
The Boss,Rick Ross featuring T-Pain,2008,84
All Summer Long,Kid Rock,2008,85
Can't Help but Wait,Trey Songz,2008,86
In Love with a Girl,Gavin DeGraw,2008,87
My Life,The Game featuring Lil Wayne,2008,88
I Remember,Keyshia Cole,2008,89
Flashing Lights,Kanye West featuring Dwele,2008,90
Mrs. Officer,Lil Wayne featuring Bobby Valentino and Kidd Kidd,2008,91
7 Things,Miley Cyrus,2008,92
You're Gonna Miss This,Trace Adkins,2008,93
Love Remains the Same,Gavin Rossdale,2008,94
Feels Like Tonight,Daughtry,2008,95
The Way I Are,Timbaland featuring Keri Hilson,2008,96
Addicted,Saving Abel,2008,97
Into the Night,Santana featuring Chad Kroeger,2008,98
Heaven Sent,Keyshia Cole,2008,99
She Got It,2 Pistols featuring T-Pain and Tay Dizm,2008,100
Boom Boom Pow,The Black Eyed Peas,2009,1
Poker Face,Lady Gaga,2009,2
Just Dance,Lady Gaga featuring Colby O'Donis,2009,3
I Gotta Feeling,The Black Eyed Peas,2009,4
Love Story,Taylor Swift,2009,5
Right Round,Flo Rida,2009,6
I'm Yours,Jason Mraz,2009,7
Single Ladies (Put a Ring on It),Beyoncé,2009,8
Heartless,Kanye West,2009,9
Gives You Hell,The All-American Rejects,2009,10
You Belong with Me,Taylor Swift,2009,11
Dead and Gone,T.I. featuring Justin Timberlake,2009,12
You Found Me,The Fray,2009,13
Use Somebody,Kings of Leon,2009,14
Knock You Down,Keri Hilson featuring Kanye West and Ne-Yo,2009,15
Blame It,Jamie Foxx featuring T-Pain,2009,16
I Know You Want Me (Calle Ocho),Pitbull,2009,17
Live Your Life,T.I. featuring Rihanna,2009,18
Kiss Me thru the Phone,Soulja Boy Tell 'Em featuring Sammie,2009,19
Down,Jay Sean featuring Lil Wayne,2009,20
The Climb,Miley Cyrus,2009,21
Best I Ever Had,Drake,2009,22
My Life Would Suck Without You,Kelly Clarkson,2009,23
Halo,Beyoncé,2009,24
Hot n Cold,Katy Perry,2009,25
Second Chance,Shinedown,2009,26
Circus,Britney Spears,2009,27
Day 'n' Nite,Kid Cudi,2009,28
Party in the U.S.A.,Miley Cyrus,2009,29
Don't Trust Me,3OH!3,2009,30
Run This Town,Jay-Z featuring Rihanna and Kanye West,2009,31
Let It Rock,Kevin Rudolf featuring Lil Wayne,2009,32
Fire Burning,Sean Kingston,2009,33
Whatcha Say,Jason Derulo,2009,34
LoveGame,Lady Gaga,2009,35
Waking Up in Vegas,Katy Perry,2009,36
Birthday Sex,Jeremih,2009,37
Sober,Pink,2009,38
Womanizer,Britney Spears,2009,39
Whatever You Like,T.I.,2009,40
Obsessed,Mariah Carey,2009,41
Mad,Ne-Yo,2009,42
Good Girls Go Bad,Cobra Starship featuring Leighton Meester,2009,43
Love Lockdown,Kanye West,2009,44
So What,Pink,2009,45
Hotel Room Service,Pitbull,2009,46
Crack a Bottle,"Eminem, Dr. Dre and 50 Cent",2009,47
If I Were a Boy,Beyoncé,2009,48
Turnin Me On,Keri Hilson featuring Lil Wayne,2009,49
I Hate This Part,Pussycat Dolls,2009,50
Gotta Be Somebody,Nickelback,2009,51
Please Don't Leave Me,Pink,2009,52
Paparazzi,Lady Gaga,2009,53
Beautiful,Akon featuring Colby O'Donis and Kardinal Offishall,2009,54
Viva la Vida,Coldplay,2009,55
Right Now (Na Na Na),Akon,2009,56
Battlefield,Jordin Sparks,2009,57
Sugar,Flo Rida featuring Wynter,2009,58
Miss Independent,Ne-Yo,2009,59
Fireflies,Owl City,2009,60
New Divide,Linkin Park,2009,61
Empire State of Mind,Jay-Z featuring Alicia Keys,2009,62
No Surprise,Daughtry,2009,63
She Wolf,Shakira,2009,64
Break Up,Mario featuring Gucci Mane and Sean Garrett,2009,65
Sweet Dreams,Beyoncé,2009,66
Every Girl,Young Money,2009,67
Fallin' for You,Colbie Caillat,2009,68
Untouched,The Veronicas,2009,69
If Today Was Your Last Day,Nickelback,2009,70
Throw It in the Bag,Fabolous featuring The-Dream,2009,71
Love Drunk,Boys Like Girls,2009,72
I Love College,Asher Roth,2009,73
If U Seek Amy,Britney Spears,2009,74
Big Green Tractor,Jason Aldean,2009,75
White Horse,Taylor Swift,2009,76
Disturbia,Rihanna,2009,77
21 Guns,Green Day,2009,78
Turn My Swag On,Soulja Boy Tell 'Em,2009,79
Rockin' That Thang,The-Dream,2009,80
Chicken Fried,Zac Brown Band,2009,81
Diva,Beyoncé,2009,82
Replay,Iyaz,2009,83
Then,Brad Paisley,2009,84
Her Diamonds,Rob Thomas,2009,85
How Do You Sleep?,Jesse McCartney featuring Ludacris,2009,86
3,Britney Spears,2009,87
Forever,"Drake featuring Kanye West, Lil Wayne and Eminem",2009,88
One Time,Justin Bieber,2009,89
I Run to You,Lady Antebellum,2009,90
I Do Not Hook Up,Kelly Clarkson,2009,91
Green Light,John Legend featuring André 3000,2009,92
People Are Crazy,Billy Currington,2009,93
Whatever It Is,Zac Brown Band,2009,94
Already Gone,Kelly Clarkson,2009,95
Goodbye,Kristinia DeBarge,2009,96
Say Hey (I Love You),Michael Franti & Spearhead featuring Cherine Anderson,2009,97
Pop Champagne,Jim Jones featuring Ron Browz and Juelz Santana,2009,98
Pretty Wings,Maxwell,2009,99
Never Say Never,The Fray,2009,100
Tik Tok,Kesha,2010,1
Need You Now,Lady Antebellum,2010,2
"Hey, Soul Sister",Train,2010,3
California Gurls,Katy Perry featuring Snoop Dogg,2010,4
OMG,Usher featuring will.i.am,2010,5
Airplanes,B.o.B featuring Hayley Williams,2010,6
Love the Way You Lie,Eminem featuring Rihanna,2010,7
Bad Romance,Lady Gaga,2010,8
Dynamite,Taio Cruz,2010,9
Break Your Heart,Taio Cruz featuring Ludacris,2010,10
Nothin' on You,B.o.B featuring Bruno Mars,2010,11
I Like It,Enrique Iglesias featuring Pitbull,2010,12
BedRock,Young Money featuring Lloyd,2010,13
In My Head,Jason Derulo,2010,14
Rude Boy,Rihanna,2010,15
Telephone,Lady Gaga featuring Beyoncé,2010,16
Teenage Dream,Katy Perry,2010,17
Just the Way You Are,Bruno Mars,2010,18
Cooler Than Me,Mike Posner,2010,19
Imma Be,The Black Eyed Peas,2010,20
Empire State of Mind,Jay-Z featuring Alicia Keys,2010,21
DJ Got Us Fallin' in Love,Usher featuring Pitbull,2010,22
Billionaire,Travie McCoy featuring Bruno Mars,2010,23
Not Afraid,Eminem,2010,24
Replay,Iyaz,2010,25
Sexy Bitch,David Guetta featuring Akon,2010,26
Breakeven,The Script,2010,27
Your Love Is My Drug,Kesha,2010,28
I Gotta Feeling,The Black Eyed Peas,2010,29
Fireflies,Owl City,2010,30
Say Aah,Trey Songz featuring Fabolous,2010,31
Find Your Love,Drake,2010,32
Alejandro,Lady Gaga,2010,33
Ridin' Solo,Jason Derulo,2010,34
Just a Dream,Nelly,2010,35
How Low,Ludacris,2010,36
Like a G6,Far East Movement featuring The Cataracs and Dev,2010,37
Carry Out,Timbaland featuring Justin Timberlake,2010,38
Haven't Met You Yet,Michael Bublé,2010,39
Club Can't Handle Me,Flo Rida featuring David Guetta,2010,40
Down,Jay Sean featuring Lil Wayne,2010,41
Bulletproof,La Roux,2010,42
Whatcha Say,Jason Derulo,2010,43
Baby,Justin Bieber featuring Ludacris,2010,44
Whataya Want from Me,Adam Lambert,2010,45
Mine,Taylor Swift,2010,46
Only Girl (In the World),Rihanna,2010,47
Live Like We're Dying,Kris Allen,2010,48
Hard,Rihanna featuring Jeezy,2010,49
Young Forever,Jay-Z featuring Mr Hudson,2010,50
Blah Blah Blah,Kesha featuring 3OH!3,2010,51
Bottoms Up,Trey Songz featuring Nicki Minaj,2010,52
Do You Remember,Jay Sean featuring Sean Paul and Lil Jon,2010,53
All the Right Moves,OneRepublic,2010,54
According to You,Orianthi,2010,55
My Chick Bad,Ludacris featuring Nicki Minaj,2010,56
You Belong with Me,Taylor Swift,2010,57
Meet Me Halfway,The Black Eyed Peas,2010,58
Take It Off,Kesha,2010,59
Over,Drake,2010,60
Animal,Neon Trees,2010,61
Misery,Maroon 5,2010,62
Magic,B.o.B featuring Rivers Cuomo,2010,63
Paparazzi,Lady Gaga,2010,64
Tie Me Down,New Boyz featuring Ray J,2010,65
Your Love,Nicki Minaj,2010,66
Party in the U.S.A.,Miley Cyrus,2010,67
Deuces,Chris Brown featuring Tyga and Kevin McCall,2010,68
3,Britney Spears,2010,69
Impossible,Shontelle,2010,70
Forever,"Drake featuring Kanye West, Lil Wayne and Eminem",2010,71
Two Is Better Than One,Boys Like Girls featuring Taylor Swift,2010,72
My First Kiss,3OH!3 featuring Kesha,2010,73
Already Gone,Kelly Clarkson,2010,74
Rock That Body,The Black Eyed Peas,2010,75
Secrets,OneRepublic,2010,76
Naturally,Selena Gomez & the Scene,2010,77
Un-Thinkable (I'm Ready),Alicia Keys,2010,78
All I Do Is Win,"DJ Khaled featuring T-Pain, Ludacris, Snoop Dogg and Rick Ross",2010,79
I Made It (Cash Money Heroes),"Kevin Rudolf featuring Birdman, Jay Sean and Lil Wayne",2010,80
Stuck Like Glue,Sugarland,2010,81
Hey Daddy (Daddy's Home),Usher featuring Plies,2010,82
There Goes My Baby,Usher,2010,83
Today Was a Fairytale,Taylor Swift,2010,84
Say Something,Timbaland featuring Drake,2010,85
Sweet Dreams,Beyoncé,2010,86
Use Somebody,Kings of Leon,2010,87
Undo It,Carrie Underwood,2010,88
Eenie Meenie,Sean Kingston and Justin Bieber,2010,89
Right Above It,Lil Wayne featuring Drake,2010,90
The House That Built Me,Miranda Lambert,2010,91
If I Die Young,The Band Perry,2010,92
The Only Exception,Paramore,2010,93
American Honey,Lady Antebellum,2010,94
King of Anything,Sara Bareilles,2010,95
Life After You,Daughtry,2010,96
Smile,Uncle Kracker,2010,97
Teach Me How to Dougie,Cali Swag District,2010,98
Try Sleeping with a Broken Heart,Alicia Keys,2010,99
"Lover, Lover",Jerrod Niemann,2010,100
Rolling in the Deep,Adele,2011,1
Party Rock Anthem,LMFAO featuring Lauren Bennett and GoonRock,2011,2
Firework,Katy Perry,2011,3
E.T.,Katy Perry featuring Kanye West,2011,4
Give Me Everything,"Pitbull featuring Ne-Yo, Afrojack and Nayer",2011,5
Grenade,Bruno Mars,2011,6
F**K You (Forget You),CeeLo Green,2011,7
Super Bass,Nicki Minaj,2011,8
Moves like Jagger,Maroon 5 featuring Christina Aguilera,2011,9
Just Can't Get Enough,The Black Eyed Peas,2011,10
On the Floor,Jennifer Lopez featuring Pitbull,2011,11
S&M,Rihanna,2011,12
Pumped Up Kicks,Foster the People,2011,13
Last Friday Night (T.G.I.F.),Katy Perry,2011,14
Just the Way You Are,Bruno Mars,2011,15
Tonight (I'm Lovin' You),Enrique Iglesias featuring Ludacris and DJ Frank E,2011,16
Raise Your Glass,Pink,2011,17
Born This Way,Lady Gaga,2011,18
F**kin' Perfect,Pink,2011,19
What's My Name?,Rihanna featuring Drake,2011,20
Look at Me Now,Chris Brown featuring Lil Wayne and Busta Rhymes,2011,21
Down on Me,Jeremih featuring 50 Cent,2011,22
How to Love,Lil Wayne,2011,23
Someone Like You,Adele,2011,24
Good Life,OneRepublic,2011,25
The Lazy Song,Bruno Mars,2011,26
Till the World Ends,Britney Spears,2011,27
The Show Goes On,Lupe Fiasco,2011,28
The Edge of Glory,Lady Gaga,2011,29
We R Who We R,Kesha,2011,30
Black and Yellow,Wiz Khalifa,2011,31
Tonight Tonight,Hot Chelle Rae,2011,32
Blow,Kesha,2011,33
Lighters,Bad Meets Evil featuring Bruno Mars,2011,34
If I Die Young,The Band Perry,2011,35
Stereo Hearts,Gym Class Heroes featuring Adam Levine,2011,36
The Time (Dirty Bit),The Black Eyed Peas,2011,37
Coming Home,Diddy – Dirty Money featuring Skylar Grey,2011,38
Hey Baby (Drop It to the Floor),Pitbull featuring T-Pain,2011,39
Only Girl (In the World),Rihanna,2011,40
6 Foot 7 Foot,Lil Wayne featuring Cory Gunz,2011,41
Just a Kiss,Lady Antebellum,2011,42
Dirt Road Anthem,Jason Aldean,2011,43
Dynamite,Taio Cruz,2011,44
No Hands,Waka Flocka Flame featuring Wale and Roscoe Dash,2011,45
I Wanna Go,Britney Spears,2011,46
I'm on One,"DJ Khaled featuring Drake, Rick Ross and Lil Wayne",2011,47
You Make Me Feel...,Cobra Starship featuring Sabi,2011,48
Yeah 3x,Chris Brown,2011,49
Moment 4 Life,Nicki Minaj featuring Drake,2011,50
I Need a Doctor,Dr. Dre featuring Eminem and Skylar Grey,2011,51
Just a Dream,Nelly,2011,52
Motivation,Kelly Rowland featuring Lil Wayne,2011,53
Stereo Love,Edward Maya featuring Vika Jigulina,2011,54
Jar of Hearts,Christina Perri,2011,55
Roll Up,Wiz Khalifa,2011,56
Sexy and I Know It,LMFAO,2011,57
Rocketeer,Far East Movement featuring Ryan Tedder,2011,58
All of the Lights,Kanye West,2011,59
Hold It Against Me,Britney Spears,2011,60
More,Usher,2011,61
What the Hell,Avril Lavigne,2011,62
Written in the Stars,Tinie Tempah featuring Eric Turner,2011,63
Bottoms Up,Trey Songz featuring Nicki Minaj,2011,64
DJ Got Us Fallin' in Love,Usher featuring Pitbull,2011,65
For the First Time,The Script,2011,66
Honey Bee,Blake Shelton,2011,67
Don't You Wanna Stay,Jason Aldean featuring Kelly Clarkson,2011,68
We Found Love,Rihanna featuring Calvin Harris,2011,69
Pretty Girl Rock,Keri Hilson,2011,70
Yoü and I,Lady Gaga,2011,71
Like a G6,Far East Movement featuring The Cataracs and Dev,2011,72
Without You,David Guetta featuring Usher,2011,73
Back to December,Taylor Swift,2011,74
Teenage Dream,Katy Perry,2011,75
Crazy Girl,Eli Young Band,2011,76
Cheers (Drink to That),Rihanna,2011,77
Who Says,Selena Gomez & the Scene,2011,78
Barefoot Blue Jean Night,Jake Owen,2011,79
Knee Deep,Zac Brown Band featuring Jimmy Buffett,2011,80
Country Girl (Shake It for Me),Luke Bryan,2011,81
Remind Me,Brad Paisley and Carrie Underwood,2011,82
In the Dark,Dev,2011,83
Backseat,New Boyz featuring The Cataracs and Dev,2011,84
Headlines,Drake,2011,85
Best Thing I Never Had,Beyoncé,2011,86
Don't Wanna Go Home,Jason Derulo,2011,87
Where Them Girls At,David Guetta featuring Flo Rida and Nicki Minaj,2011,88
She Ain't You,Chris Brown,2011,89
Take a Back Road,Rodney Atkins,2011,90
Please Don't Go,Mike Posner,2011,91
Sure Thing,Miguel,2011,92
Price Tag,Jessie J featuring B.o.B,2011,93
God Gave Me You,Blake Shelton,2011,94
She Will,Lil Wayne featuring Drake,2011,95
Are You Gonna Kiss Me or Not,Thompson Square,2011,96
Animal,Neon Trees,2011,97
You and Tequila,Kenny Chesney featuring Grace Potter,2011,98
Colder Weather,Zac Brown Band,2011,99
My Last,Big Sean featuring Chris Brown,2011,100
Somebody That I Used to Know,Gotye featuring Kimbra,2012,1
Call Me Maybe,Carly Rae Jepsen,2012,2
We Are Young,Fun featuring Janelle Monáe,2012,3
Payphone,Maroon 5 featuring Wiz Khalifa,2012,4
Lights,Ellie Goulding,2012,5
Glad You Came,The Wanted,2012,6
Stronger (What Doesn't Kill You),Kelly Clarkson,2012,7
We Found Love,Rihanna featuring Calvin Harris,2012,8
Starships,Nicki Minaj,2012,9
What Makes You Beautiful,One Direction,2012,10
Wild Ones,Flo Rida featuring Sia,2012,11
Set Fire to the Rain,Adele,2012,12
Sexy and I Know It,LMFAO,2012,13
Some Nights,Fun,2012,14
Wide Awake,Katy Perry,2012,15
Good Feeling,Flo Rida,2012,16
Whistle,Flo Rida,2012,17
One More Night,Maroon 5,2012,18
Drive By,Train,2012,19
The Motto,Drake featuring Lil Wayne,2012,20
Where Have You Been,Rihanna,2012,21
Everybody Talks,Neon Trees,2012,22
Take Care,Drake featuring Rihanna,2012,23
Titanium,David Guetta featuring Sia,2012,24
I Won't Give Up,Jason Mraz,2012,25
It Will Rain,Bruno Mars,2012,26
Mercy,"Kanye West, Big Sean, Pusha T and 2 Chainz",2012,27
Boyfriend,Justin Bieber,2012,28
Party Rock Anthem,LMFAO featuring Lauren Bennett and GoonRock,2012,29
Too Close,Alex Clare,2012,30
Part of Me,Katy Perry,2012,31
"Young, Wild & Free",Snoop Dogg and Wiz Khalifa featuring Bruno Mars,2012,32
We Are Never Ever Getting Back Together,Taylor Swift,2012,33
As Long as You Love Me,Justin Bieber featuring Big Sean,2012,34
Turn Me On,David Guetta featuring Nicki Minaj,2012,35
Moves like Jagger,Maroon 5 featuring Christina Aguilera,2012,36
Blow Me (One Last Kiss),Pink,2012,37
Good Time,Owl City and Carly Rae Jepsen,2012,38
Give Your Heart a Break,Demi Lovato,2012,39
Niggas in Paris,Jay-Z and Kanye West,2012,40
The One That Got Away,Katy Perry,2012,41
Feel So Close,Calvin Harris,2012,42
Someone like You,Adele,2012,43
Scream,Usher,2012,44
Rack City,Tyga,2012,45
Domino,Jessie J,2012,46
Gangnam Style,Psy,2012,47
International Love,Pitbull featuring Chris Brown,2012,48
Home,Phillip Phillips,2012,49
Without You,David Guetta featuring Usher,2012,50
Ass Back Home,Gym Class Heroes featuring Neon Hitch,2012,51
Wanted,Hunter Hayes,2012,52
Drunk on You,Luke Bryan,2012,53
No Lie,2 Chainz featuring Drake,2012,54
Want U Back,Cher Lloyd,2012,55
Don't Wake Me Up,Chris Brown,2012,56
Dance (A$$),Big Sean featuring Nicki Minaj,2012,57
Springsteen,Eric Church,2012,58
Brokenhearted,Karmin,2012,59
Not Over You,Gavin DeGraw,2012,60
Stereo Hearts,Gym Class Heroes featuring Adam Levine,2012,61
Back in Time,Pitbull,2012,62
Work Out,J. Cole,2012,63
Rumour Has It,Adele,2012,64
Let's Go,Calvin Harris featuring Ne-Yo,2012,65
Good Girl,Carrie Underwood,2012,66
Pontoon,Little Big Town,2012,67
Ho Hey,The Lumineers,2012,68
Paradise,Coldplay,2012,69
Blown Away,Carrie Underwood,2012,70
Rolling in the Deep,Adele,2012,71
Climax,Usher,2012,72
"Work Hard, Play Hard",Wiz Khalifa,2012,73
Let Me Love You (Until You Learn to Love Yourself),Ne-Yo,2012,74
Pound the Alarm,Nicki Minaj,2012,75
Come Over,Kenny Chesney,2012,76
Heart Attack,Trey Songz,2012,77
Drank in My Cup,Kirko Bangz,2012,78
Birthday Cake,Rihanna featuring Chris Brown,2012,79
So Good,B.o.B,2012,80
50 Ways to Say Goodbye,Train,2012,81
Red Solo Cup,Toby Keith,2012,82
Love You like a Love Song,Selena Gomez & the Scene,2012,83
Turn Up the Music,Chris Brown,2012,84
Die Young,Kesha,2012,85
5 O'Clock,T-Pain featuring Wiz Khalifa and Lily Allen,2012,86
A Thousand Years,Christina Perri,2012,87
Take a Little Ride,Jason Aldean,2012,88
You da One,Rihanna,2012,89
We Run the Night,Havana Brown featuring Pitbull,2012,90
It's Time,Imagine Dragons,2012,91
Cashin' Out,Cash Out,2012,92
I Don't Want This Night to End,Luke Bryan,2012,93
Diamonds,Rihanna,2012,94
Hard to Love,Lee Brice,2012,95
Somethin' 'Bout a Truck,Kip Moore,2012,96
Adorn,Miguel,2012,97
Fly Over States,Jason Aldean,2012,98
Even If It Breaks Your Heart,Eli Young Band,2012,99
Burn It Down,Linkin Park,2012,100
Thrift Shop,Macklemore & Ryan Lewis featuring Wanz,2013,1
Blurred Lines,Robin Thicke featuring T.I. and Pharrell Williams,2013,2
Radioactive,Imagine Dragons,2013,3
Harlem Shake,Baauer,2013,4
Can't Hold Us,Macklemore & Ryan Lewis featuring Ray Dalton,2013,5
Mirrors,Justin Timberlake,2013,6
Just Give Me a Reason,Pink featuring Nate Ruess,2013,7
When I Was Your Man,Bruno Mars,2013,8
Cruise,Florida Georgia Line featuring Nelly,2013,9
Roar,Katy Perry,2013,10
Locked Out of Heaven,Bruno Mars,2013,11
Ho Hey,The Lumineers,2013,12
Stay,Rihanna featuring Mikky Ekko,2013,13
Get Lucky,Daft Punk featuring Pharrell Williams,2013,14
Royals,Lorde,2013,15
I Knew You Were Trouble,Taylor Swift,2013,16
We Can't Stop,Miley Cyrus,2013,17
Wrecking Ball,Miley Cyrus,2013,18
Wake Me Up,Avicii,2013,19
Suit & Tie,Justin Timberlake featuring Jay-Z,2013,20
Cups (Pitch Perfect's When I'm Gone),Anna Kendrick,2013,21
Holy Grail,Jay-Z featuring Justin Timberlake,2013,22
Scream & Shout,will.i.am featuring Britney Spears,2013,23
Clarity,Zedd featuring Foxes,2013,24
Sail,Awolnation,2013,25
Don't You Worry Child,Swedish House Mafia featuring John Martin,2013,26
Diamonds,Rihanna,2013,27
I Love It,Icona Pop featuring Charli XCX,2013,28
Safe and Sound,Capital Cities,2013,29
Treasure,Bruno Mars,2013,30
The Way,Ariana Grande featuring Mac Miller,2013,31
Started from the Bottom,Drake,2013,32
Come & Get It,Selena Gomez,2013,33
"Hold On, We're Going Home",Drake featuring Majid Jordan,2013,34
Daylight,Maroon 5,2013,35
Feel This Moment,Pitbull featuring Christina Aguilera,2013,36
Applause,Lady Gaga,2013,37
One More Night,Maroon 5,2013,38
Love Me,Lil Wayne featuring Drake and Future,2013,39
My Songs Know What You Did in the Dark (Light Em Up),Fall Out Boy,2013,40
Fuckin' Problems,"ASAP Rocky featuring Drake, 2 Chainz and Kendrick Lamar",2013,41
Beauty and a Beat,Justin Bieber featuring Nicki Minaj,2013,42
Same Love,Macklemore & Ryan Lewis featuring Mary Lambert,2013,43
Sweet Nothing,Calvin Harris featuring Florence Welch,2013,44
Summertime Sadness,Lana Del Rey and Cédric Gervais,2013,45
Home,Phillip Phillips,2013,46
It's Time,Imagine Dragons,2013,47
Power Trip,J. Cole featuring Miguel,2013,48
Girl on Fire,Alicia Keys featuring Nicki Minaj,2013,49
Heart Attack,Demi Lovato,2013,50
Love Somebody,Maroon 5,2013,51
I Will Wait,Mumford & Sons,2013,52
Try,Pink,2013,53
Wagon Wheel,Darius Rucker,2013,54
Gangnam Style,Psy,2013,55
I Need Your Love,Calvin Harris featuring Ellie Goulding,2013,56
Die Young,Kesha,2013,57
Some Nights,Fun,2013,58
Bad,Wale featuring Tiara Thomas or Rihanna,2013,59
Boys 'Round Here,Blake Shelton featuring Pistol Annies and Friends,2013,60
"Gone, Gone, Gone",Phillip Phillips,2013,61
Demons,Imagine Dragons,2013,62
Counting Stars,OneRepublic,2013,63
I Cry,Flo Rida,2013,64
Little Talks,Of Monsters and Men,2013,65
The Other Side,Jason Derulo,2013,66
Berzerk,Eminem,2013,67
Catch My Breath,Kelly Clarkson,2013,68
Crash My Party,Luke Bryan,2013,69
Pour It Up,Rihanna,2013,70
22,Taylor Swift,2013,71
I Want Crazy,Hunter Hayes,2013,72
The Fox (What Does the Fox Say?),Ylvis,2013,73
Best Song Ever,One Direction,2013,74
The A Team,Ed Sheeran,2013,75
Carry On,Fun,2013,76
Highway Don't Care,Tim McGraw featuring Taylor Swift and Keith Urban,2013,77
That's My Kind of Night,Luke Bryan,2013,78
Swimming Pools (Drank),Kendrick Lamar,2013,79
Sure Be Cool If You Did,Blake Shelton,2013,80
#Beautiful,Mariah Carey featuring Miguel,2013,81
Troublemaker,Olly Murs featuring Flo Rida,2013,82
Body Party,Ciara,2013,83
Adorn,Miguel,2013,84
Hall of Fame,The Script featuring will.i.am,2013,85
Let Me Love You (Until You Learn to Love Yourself),Ne-Yo,2013,86
U.O.E.N.O.,Rocko featuring Future and Rick Ross,2013,87
Next to Me,Emeli Sandé,2013,88
Mama's Broken Heart,Miranda Lambert,2013,89
It Goes Like This,Thomas Rhett,2013,90
Bugatti,Ace Hood featuring Future and Rick Ross,2013,91
Wanted,Hunter Hayes,2013,92
Downtown,Lady Antebellum,2013,93
Get Your Shine On,Florida Georgia Line,2013,94
#thatPower,will.i.am featuring Justin Bieber,2013,95
Brave,Sara Bareilles,2013,96
Let Her Go,Passenger,2013,97
Runnin' Outta Moonlight,Randy Houser,2013,98
I'm Different,2 Chainz,2013,99
Still Into You,Paramore,2013,100
Happy,Pharrell Williams,2014,1
Dark Horse,Katy Perry featuring Juicy J,2014,2
All of Me,John Legend,2014,3
Fancy,Iggy Azalea featuring Charli XCX,2014,4
Counting Stars,OneRepublic,2014,5
Talk Dirty,Jason Derulo featuring 2 Chainz,2014,6
Rude,Magic!,2014,7
All About That Bass,Meghan Trainor,2014,8
Problem,Ariana Grande featuring Iggy Azalea,2014,9
Stay with Me,Sam Smith,2014,10
Timber,Pitbull featuring Kesha,2014,11
Pompeii,Bastille,2014,12
Shake It Off,Taylor Swift,2014,13
Am I Wrong,Nico & Vinz,2014,14
Turn Down for What,DJ Snake and Lil Jon,2014,15
The Monster,Eminem featuring Rihanna,2014,16
Say Something,A Great Big World and Christina Aguilera,2014,17
Team,Lorde,2014,18
Let Her Go,Passenger,2014,19
Royals,Lorde,2014,20
Let It Go,Idina Menzel,2014,21
Wake Me Up,Avicii,2014,22
Demons,Imagine Dragons,2014,23
Story of My Life,One Direction,2014,24
Chandelier,Sia,2014,25
Black Widow,Iggy Azalea featuring Rita Ora,2014,26
Bang Bang,"Jessie J, Ariana Grande and Nicki Minaj",2014,27
Latch,Disclosure featuring Sam Smith,2014,28
Maps,Maroon 5,2014,29
Loyal,Chris Brown featuring Lil Wayne and French Montana or Too Short or Tyga,2014,30
Best Day of My Life,American Authors,2014,31
Habits (Stay High),Tove Lo,2014,32
Summer,Calvin Harris,2014,33
Boom Clap,Charli XCX,2014,34
Drunk in Love,Beyoncé featuring Jay-Z,2014,35
Anaconda,Nicki Minaj,2014,36
Break Free,Ariana Grande featuring Zedd,2014,37
Bailando,Enrique Iglesias featuring Descemer Bueno and Gente de Zona,2014,38
Burn,Ellie Goulding,2014,39
Wiggle,Jason Derulo featuring Snoop Dogg,2014,40
Rather Be,Clean Bandit featuring Jess Glynne,2014,41
Don't Tell 'Em,Jeremih featuring YG,2014,42
Show Me,Kid Ink featuring Chris Brown,2014,43
Wrecking Ball,Miley Cyrus,2014,44
Not a Bad Thing,Justin Timberlake,2014,45
Roar,Katy Perry,2014,46
Ain't It Fun,Paramore,2014,47
The Man,Aloe Blacc,2014,48
This Is How We Roll,Florida Georgia Line featuring Luke Bryan,2014,49
Classic,MKTO,2014,50
A Sky Full of Stars,Coldplay,2014,51
Don't,Ed Sheeran,2014,52
Na Na,Trey Songz,2014,53
Hot Boy,Bobby Shmurda,2014,54
"Hold On, We're Going Home",Drake featuring Majid Jordan,2014,55
Sing,Ed Sheeran,2014,56
Radioactive,Imagine Dragons,2014,57
My Hitta,YG featuring Jeezy and Rich Homie Quan,2014,58
Cool Kids,Echosmith,2014,59
Hey Brother,Avicii,2014,60
Trumpets,Jason Derulo,2014,61
Animals,Maroon 5,2014,62
Burnin' It Down,Jason Aldean,2014,63
Play It Again,Luke Bryan,2014,64
2 On,Tinashe featuring ScHoolboy Q,2014,65
Dirt,Florida Georgia Line,2014,66
Love Runs Out,OneRepublic,2014,67
Bottoms Up,Brantley Gilbert,2014,68
Shower,Becky G,2014,69
Me and My Broken Heart,Rixton,2014,70
Animals,Martin Garrix,2014,71
Lifestyle,Rich Gang featuring Young Thug and Rich Homie Quan,2014,72
American Kids,Kenny Chesney,2014,73
Brave,Sara Bareilles,2014,74
Sweater Weather,The Neighbourhood,2014,75
Leave the Night On,Sam Hunt,2014,76
New Flame,Chris Brown featuring Usher and Rick Ross,2014,77
Love Never Felt So Good,Michael Jackson and Justin Timberlake,2014,78
Drunk on a Plane,Dierks Bentley,2014,79
Birthday,Katy Perry,2014,80
Bartender,Lady Antebellum,2014,81
La La La,Naughty Boy featuring Sam Smith,2014,82
Blurred Lines,Robin Thicke featuring T.I. and Pharrell Williams,2014,83
Do What U Want,Lady Gaga featuring R. Kelly,2014,84
Can't Remember to Forget You,Shakira featuring Rihanna,2014,85
Amnesia,5 Seconds of Summer,2014,86
No Mediocre,T.I. featuring Iggy Azalea,2014,87
Come with Me Now,KONGOS,2014,88
Believe Me,Lil Wayne featuring Drake,2014,89
23,"Mike WiLL Made-It featuring Miley Cyrus, Wiz Khalifa, and Juicy J",2014,90
Beachin',Jake Owen,2014,91
White Walls,Macklemore & Ryan Lewis featuring ScHoolboy Q and Hollis,2014,92
She Looks So Perfect,5 Seconds of Summer,2014,93
Stay the Night,Zedd featuring Hayley Williams,2014,94
Partition,Beyoncé,2014,95
Studio,ScHoolboy Q featuring BJ the Chicago Kid,2014,96
0 to 100 / The Catch Up,Drake,2014,97
I Don't Dance,Lee Brice,2014,98
Somethin' Bad,Miranda Lambert and Carrie Underwood,2014,99
Adore You,Miley Cyrus,2014,100
Uptown Funk,Mark Ronson featuring Bruno Mars,2015,1
Thinking Out Loud,Ed Sheeran,2015,2
See You Again,Wiz Khalifa featuring Charlie Puth,2015,3
Trap Queen,Fetty Wap,2015,4
Sugar,Maroon 5,2015,5
Shut Up and Dance,Walk the Moon,2015,6
Blank Space,Taylor Swift,2015,7
Watch Me,Silentó,2015,8
Earned It,The Weeknd,2015,9
The Hills,The Weeknd,2015,10
Cheerleader (Felix Jaehn Remix),OMI,2015,11
Can't Feel My Face,The Weeknd,2015,12
Love Me Like You Do,Ellie Goulding,2015,13
Take Me to Church,Hozier,2015,14
Bad Blood,Taylor Swift featuring Kendrick Lamar,2015,15
Lean On,Major Lazer and DJ Snake featuring MØ,2015,16
Want to Want Me,Jason Derulo,2015,17
Shake It Off,Taylor Swift,2015,18
Where Are Ü Now,Skrillex and Diplo (Jack Ü) featuring Justin Bieber,2015,19
Fight Song,Rachel Platten,2015,20
679,Fetty Wap featuring Remy Boyz,2015,21
Lips Are Movin,Meghan Trainor,2015,22
Worth It,Fifth Harmony featuring Kid Ink,2015,23
Post to Be,Omarion featuring Chris Brown and Jhené Aiko,2015,24
"Honey, I'm Good.",Andy Grammer,2015,25
I'm Not the Only One,Sam Smith,2015,26
Good for You,Selena Gomez featuring ASAP Rocky,2015,27
All About That Bass,Meghan Trainor,2015,28
Style,Taylor Swift,2015,29
Hotline Bling,Drake,2015,30
Hey Mama,"David Guetta featuring Nicki Minaj, Bebe Rexha and Afrojack",2015,31
G.D.F.R.,Flo Rida featuring Sage the Gemini and Lookas,2015,32
What Do You Mean?,Justin Bieber,2015,33
Photograph,Ed Sheeran,2015,34
Hello,Adele,2015,35
Stitches,Shawn Mendes,2015,36
Talking Body,Tove Lo,2015,37
Jealous,Nick Jonas,2015,38
Time of Our Lives,Pitbull and Ne-Yo,2015,39
Locked Away,R. City featuring Adam Levine,2015,40
Somebody,Natalie La Rose featuring Jeremih,2015,41
FourFiveSeconds,"Rihanna, Kanye West and Paul McCartney",2015,42
Centuries,Fall Out Boy,2015,43
My Way,Fetty Wap featuring Monty,2015,44
Take Your Time,Sam Hunt,2015,45
Animals,Maroon 5,2015,46
I Don't Fuck with You,Big Sean featuring E-40,2015,47
Bitch Better Have My Money,Rihanna,2015,48
"Flex (Ooh, Ooh, Ooh)",Rich Homie Quan,2015,49
Nasty Freestyle,T-Wayne,2015,50
Only,"Nicki Minaj featuring Drake, Lil Wayne and Chris Brown",2015,51
Elastic Heart,Sia,2015,52
Cool for the Summer,Demi Lovato,2015,53
Renegades,X Ambassadors,2015,54
I Don't Mind,Usher featuring Juicy J,2015,55
Love Me Harder,Ariana Grande and The Weeknd,2015,56
Wildest Dreams,Taylor Swift,2015,57
Stay with Me,Sam Smith,2015,58
You Know You Like It,DJ Snake and AlunaGeorge,2015,59
Uma Thurman,Fall Out Boy,2015,60
7/11,Beyoncé,2015,61
The Heart Wants What It Wants,Selena Gomez,2015,62
Girl Crush,Little Big Town,2015,63
Slow Motion,Trey Songz,2015,64
Drag Me Down,One Direction,2015,65
Truffle Butter,Nicki Minaj featuring Drake and Lil Wayne,2015,66
One Last Time,Ariana Grande,2015,67
Chains,Nick Jonas,2015,68
All Eyes on You,Meek Mill featuring Chris Brown and Nicki Minaj,2015,69
No Type,Rae Sremmurd,2015,70
Riptide,Vance Joy,2015,71
Classic Man,Jidenna featuring Roman GianArthur,2015,72
Ex's & Oh's,Elle King,2015,73
Dear Future Husband,Meghan Trainor,2015,74
Marvin Gaye,Charlie Puth featuring Meghan Trainor,2015,75
Like I'm Gonna Lose You,Meghan Trainor featuring John Legend,2015,76
Habits (Stay High),Tove Lo,2015,77
The Hanging Tree,James Newton Howard featuring Jennifer Lawrence,2015,78
CoCo,O.T. Genasis,2015,79
Bang Bang,"Jessie J, Ariana Grande and Nicki Minaj",2015,80
Lay Me Down,Sam Smith,2015,81
Tuesday,ILoveMakonnen featuring Drake,2015,82
Hit the Quan,iLoveMemphis,2015,83
Downtown,"Macklemore & Ryan Lewis featuring Eric Nally, Melle Mel, Kool Moe Dee and Grandmaster Caz",2015,84
House Party,Sam Hunt,2015,85
Ayo,Chris Brown and Tyga,2015,86
Kick the Dust Up,Luke Bryan,2015,87
Blessings,Big Sean featuring Drake and Kanye West,2015,88
Budapest,George Ezra,2015,89
Chandelier,Sia,2015,90
Heartbeat Song,Kelly Clarkson,2015,91
Don't,Ed Sheeran,2015,92
Ghost,Ella Henderson,2015,93
Here,Alessia Cara,2015,94
Waves (Robin Schulz Remix),Mr Probz,2015,95
El Perdón,Nicky Jam and Enrique Iglesias,2015,96
She Knows,Ne-Yo featuring Juicy J,2015,97
Night Changes,One Direction,2015,98
Back to Back,Drake,2015,99
How Deep Is Your Love,Calvin Harris and Disciples,2015,100
Love Yourself,Justin Bieber,2016,1
Sorry,Justin Bieber,2016,2
One Dance,Drake featuring Wizkid and Kyla,2016,3
Work,Rihanna featuring Drake,2016,4
Stressed Out,Twenty One Pilots,2016,5
Panda,Desiigner,2016,6
Hello,Adele,2016,7
Don't Let Me Down,The Chainsmokers featuring Daya,2016,8
Can't Stop the Feeling!,Justin Timberlake,2016,9
Closer,The Chainsmokers featuring Halsey,2016,10
Cheap Thrills,Sia featuring Sean Paul,2016,11
7 Years,Lukas Graham,2016,12
Needed Me,Rihanna,2016,13
My House,Flo Rida,2016,14
I Took a Pill in Ibiza,Mike Posner,2016,15
Work from Home,Fifth Harmony featuring Ty Dolla Sign,2016,16
This Is What You Came For,Calvin Harris featuring Rihanna,2016,17
Cake by the Ocean,DNCE,2016,18
"Me, Myself & I",G-Eazy and Bebe Rexha,2016,19
Ride,Twenty One Pilots,2016,20
Heathens,Twenty One Pilots,2016,21
Pillowtalk,Zayn,2016,22
Stitches,Shawn Mendes,2016,23
Hotline Bling,Drake,2016,24
Cold Water,Major Lazer featuring Justin Bieber and MØ,2016,25
Send My Love (To Your New Lover),Adele,2016,26
Roses,The Chainsmokers featuring Rozes,2016,27
Treat You Better,Shawn Mendes,2016,28
Too Good,Drake featuring Rihanna,2016,29
Low Life,Future featuring The Weeknd,2016,30
What Do You Mean?,Justin Bieber,2016,31
The Hills,The Weeknd,2016,32
Just Like Fire,P!nk,2016,33
Broccoli,DRAM featuring Lil Yachty,2016,34
Don't,Bryson Tiller,2016,35
Dangerous Woman,Ariana Grande,2016,36
Jumpman,Drake and Future,2016,37
"I Hate U, I Love U",Gnash featuring Olivia O'Brien,2016,38
Here,Alessia Cara,2016,39
Same Old Love,Selena Gomez,2016,40
Controlla,Drake,2016,41
Like I'm Gonna Lose You,Meghan Trainor featuring John Legend,2016,42
One Call Away,Charlie Puth,2016,43
Let It Go,James Bay,2016,44
No,Meghan Trainor,2016,45
Never Forget You,Zara Larsson and MNEK,2016,46
Let Me Love You,DJ Snake featuring Justin Bieber,2016,47
Don't Mind,Kent Jones,2016,48
H.O.L.Y.,Florida Georgia Line,2016,49
We Don't Talk Anymore,Charlie Puth featuring Selena Gomez,2016,50
Into You,Ariana Grande,2016,51
Gold,Kiiara,2016,52
Exchange,Bryson Tiller,2016,53
679,Fetty Wap featuring Remy Boyz,2016,54
Oui,Jeremih,2016,55
Hands to Myself,Selena Gomez,2016,56
2 Phones,Kevin Gates,2016,57
Starboy,The Weeknd featuring Daft Punk,2016,58
For Free,DJ Khaled featuring Drake,2016,59
Never Be Like You,Flume featuring Kai,2016,60
In the Night,The Weeknd,2016,61
Me Too,Meghan Trainor,2016,62
Ex's & Oh's,Elle King,2016,63
Die a Happy Man,Thomas Rhett,2016,64
White Iverson,Post Malone,2016,65
Close,Nick Jonas featuring Tove Lo,2016,66
Unsteady,X Ambassadors,2016,67
Sucker for Pain,"Lil Wayne, Wiz Khalifa and Imagine Dragons with Logic and Ty Dolla Sign featuring X Ambassadors",2016,68
Down in the DM,Yo Gotti featuring Nicki Minaj,2016,69
Luv,Tory Lanez,2016,70
Sorry,Beyoncé,2016,71
Can't Feel My Face,The Weeknd,2016,72
Hymn for the Weekend,Coldplay,2016,73
Say It,Tory Lanez,2016,74
Antidote,Travis Scott,2016,75
Lost Boy,Ruth B,2016,76
Side to Side,Ariana Grande featuring Nicki Minaj,2016,77
"Sit Still, Look Pretty",Daya,2016,78
Wildest Dreams,Taylor Swift,2016,79
Middle,DJ Snake featuring Bipolar Sunshine,2016,80
On My Mind,Ellie Goulding,2016,81
Pop Style,Drake featuring Jay-Z and Kanye West[a],2016,82
When We Were Young,Adele,2016,83
Hide Away,Daya,2016,84
Lean On,Major Lazer and DJ Snake featuring MØ,2016,85
I Know What You Did Last Summer,Shawn Mendes and Camila Cabello,2016,86
All the Way Up,Fat Joe and Remy Ma featuring French Montana and Infared,2016,87
Watch Me,Silentó,2016,88
Back to Sleep,Chris Brown,2016,89
No Limit,Usher featuring Young Thug,2016,90
Cut It,O.T. Genasis featuring Young Dolph,2016,91
Really Really,Kevin Gates,2016,92
All In My Head (Flex),Fifth Harmony featuring Fetty Wap,2016,93
Starving,Hailee Steinfeld and Grey featuring Zedd,2016,94
Adventure of a Lifetime,Coldplay,2016,95
Humble and Kind,Tim McGraw,2016,96
Wicked,Future,2016,97
Tiimmy Turner,Desiigner,2016,98
See You Again,Wiz Khalifa featuring Charlie Puth,2016,99
Perfect,One Direction,2016,100
Shape of You,Ed Sheeran,2017,1
Despacito (Remix),Luis Fonsi and Daddy Yankee featuring Justin Bieber,2017,2
That's What I Like,Bruno Mars,2017,3
Humble,Kendrick Lamar,2017,4
Something Just Like This,The Chainsmokers and Coldplay,2017,5
Bad and Boujee,Migos featuring Lil Uzi Vert,2017,6
Closer,The Chainsmokers featuring Halsey,2017,7
Body Like a Back Road,Sam Hunt,2017,8
Believer,Imagine Dragons,2017,9
Congratulations,Post Malone featuring Quavo,2017,10
Say You Won't Let Go,James Arthur,2017,11
I'm the One,"DJ Khaled featuring Justin Bieber, Quavo, Chance the Rapper and Lil Wayne",2017,12
XO Tour Llif3,Lil Uzi Vert,2017,13
Mask Off,Future,2017,14
Unforgettable,French Montana featuring Swae Lee,2017,15
24K Magic,Bruno Mars,2017,16
Stay,Zedd and Alessia Cara,2017,17
Wild Thoughts,DJ Khaled featuring Rihanna and Bryson Tiller,2017,18
Black Beatles,Rae Sremmurd featuring Gucci Mane,2017,19
Starboy,The Weeknd featuring Daft Punk,2017,20
Location,Khalid,2017,21
Attention,Charlie Puth,2017,22
There's Nothing Holdin' Me Back,Shawn Mendes,2017,23
Bodak Yellow,Cardi B,2017,24
Redbone,Childish Gambino,2017,25
I Don't Wanna Live Forever,Zayn and Taylor Swift,2017,26
It Ain't Me,Kygo and Selena Gomez,2017,27
iSpy,Kyle featuring Lil Yachty,2017,28
Issues,Julia Michaels,2017,29
Scars to Your Beautiful,Alessia Cara,2017,30
1-800-273-8255,Logic featuring Alessia Cara and Khalid,2017,31
Slow Hands,Niall Horan,2017,32
Love on the Brain,Rihanna,2017,33
I Feel It Coming,The Weeknd featuring Daft Punk,2017,34
Bounce Back,Big Sean,2017,35
Strip That Down,Liam Payne featuring Quavo,2017,36
Fake Love,Drake,2017,37
Don't Wanna Know,Maroon 5 featuring Kendrick Lamar,2017,38
Look What You Made Me Do,Taylor Swift,2017,39
Castle on the Hill,Ed Sheeran,2017,40
Bad Things,Machine Gun Kelly and Camila Cabello,2017,41
Paris,The Chainsmokers,2017,42
Side to Side,Ariana Grande featuring Nicki Minaj,2017,43
Rockabye,Clean Bandit featuring Sean Paul and Anne-Marie,2017,44
Feel It Still,Portugal. The Man,2017,45
Let Me Love You,DJ Snake featuring Justin Bieber,2017,46
Sorry Not Sorry,Demi Lovato,2017,47
Bank Account,21 Savage,2017,48
Can't Stop the Feeling!,Justin Timberlake,2017,49
Mi Gente,J Balvin and Willy William featuring Beyoncé,2017,50
Thunder,Imagine Dragons,2017,51
T-Shirt,Migos,2017,52
Rake It Up,Yo Gotti featuring Nicki Minaj,2017,53
Mercy,Shawn Mendes,2017,54
Tunnel Vision,Kodak Black,2017,55
Rockstar,Post Malone featuring 21 Savage,2017,56
In Case You Didn't Know,Brett Young,2017,57
Heathens,Twenty One Pilots,2017,58
Now or Never,Halsey,2017,59
Caroline,Aminé,2017,60
Rolex,Ayo & Teo,2017,61
DNA,Kendrick Lamar,2017,62
Juju on That Beat (TZ Anthem),Zay Hilfigerrr & Zayion McCall,2017,63
Swang,Rae Sremmurd,2017,64
Passionfruit,Drake,2017,65
Loyalty,Kendrick Lamar featuring Rihanna,2017,66
Praying,Kesha,2017,67
Goosebumps,Travis Scott,2017,68
Cold,Maroon 5 featuring Future,2017,69
Broccoli,DRAM featuring Lil Yachty,2017,70
Slide,Calvin Harris featuring Frank Ocean and Migos,2017,71
What Ifs,Kane Brown featuring Lauren Alaina,2017,72
Chained to the Rhythm,Katy Perry featuring Skip Marley,2017,73
Feels,"Calvin Harris featuring Pharrell Williams, Katy Perry and Big Sean",2017,74
All Time Low,Jon Bellion,2017,75
Hurricane,Luke Combs,2017,76
Too Good at Goodbyes,Sam Smith,2017,77
Young Dumb & Broke,Khalid,2017,78
Magnolia,Playboi Carti,2017,79
Love Galore,SZA featuring Travis Scott,2017,80
Drowning,A Boogie wit da Hoodie featuring Kodak Black,2017,81
Starving,Hailee Steinfeld and Grey featuring Zedd,2017,82
Both,Gucci Mane featuring Drake,2017,83
What About Us,Pink,2017,84
Swalla,Jason Derulo featuring Nicki Minaj and Ty Dolla Sign,2017,85
Slippery,Migos featuring Gucci Mane,2017,86
Sign of the Times,Harry Styles,2017,87
Water Under the Bridge,Adele,2017,88
Malibu,Miley Cyrus,2017,89
Down,Marian Hill,2017,90
No Promises,Cheat Codes featuring Demi Lovato,2017,91
Treat You Better,Shawn Mendes,2017,92
I Get the Bag,Gucci Mane featuring Migos,2017,93
Small Town Boy,Dustin Lynch,2017,94
Everyday We Lit,YFN Lucci featuring PnB Rock,2017,95
Havana,Camila Cabello featuring Young Thug,2017,96
What Lovers Do,Maroon 5 featuring SZA,2017,97
Do Re Mi,Blackbear,2017,98
Look at Me!,XXXTentacion,2017,99
The Fighter,Keith Urban featuring Carrie Underwood,2017,100
God's Plan,Drake,2018,1
Perfect,Ed Sheeran,2018,2
Meant to Be,Bebe Rexha featuring Florida Georgia Line,2018,3
Havana,Camila Cabello featuring Young Thug,2018,4
Rockstar,Post Malone featuring 21 Savage,2018,5
Psycho,Post Malone featuring Ty Dolla Sign,2018,6
I Like It,"Cardi B, Bad Bunny and J Balvin",2018,7
The Middle,"Zedd, Maren Morris and Grey",2018,8
In My Feelings,Drake,2018,9
Girls Like You,Maroon 5 featuring Cardi B,2018,10
Nice for What,Drake,2018,11
Lucid Dreams,Juice Wrld,2018,12
Better Now,Post Malone,2018,13
Finesse,Bruno Mars featuring Cardi B,2018,14
Boo'd Up,Ella Mai,2018,15
New Rules,Dua Lipa,2018,16
Sad!,XXXTentacion,2018,17
Never Be the Same,Camila Cabello,2018,18
Love Lies,Khalid and Normani,2018,19
No Tears Left to Cry,Ariana Grande,2018,20
Mine,Bazzi,2018,21
Thunder,Imagine Dragons,2018,22
Look Alive,BlocBoy JB featuring Drake,2018,23
Delicate,Taylor Swift,2018,24
Yes Indeed,Lil Baby and Drake,2018,25
Friends,Marshmello and Anne-Marie,2018,26
Bad at Love,Halsey,2018,27
Taste,Tyga featuring Offset,2018,28
Let You Down,NF,2018,29
No Limit,G-Eazy featuring ASAP Rocky and Cardi B,2018,30
Fefe,6ix9ine featuring Nicki Minaj and Murda Beatz,2018,31
Tequila,Dan + Shay,2018,32
Feel It Still,Portugal. The Man,2018,33
MotorSport,"Migos, Nicki Minaj and Cardi B",2018,34
I Like Me Better,Lauv,2018,35
Youngblood,5 Seconds of Summer,2018,36
Whatever It Takes,Imagine Dragons,2018,37
Ric Flair Drip,Offset and Metro Boomin,2018,38
I Fall Apart,Post Malone,2018,39
Pray for Me,The Weeknd and Kendrick Lamar,2018,40
Back to You,Selena Gomez,2018,41
Sicko Mode,Travis Scott,2018,42
Walk It Talk It,Migos featuring Drake,2018,43
Gucci Gang,Lil Pump,2018,44
Him & I,G-Eazy and Halsey,2018,45
In My Blood,Shawn Mendes,2018,46
All the Stars,Kendrick Lamar and SZA,2018,47
Stir Fry,Migos,2018,48
Too Good at Goodbyes,Sam Smith,2018,49
Love,Kendrick Lamar featuring Zacari,2018,50
This Is America,Childish Gambino,2018,51
Nonstop,Drake,2018,52
Heaven,Kane Brown,2018,53
Bodak Yellow,Cardi B,2018,54
Freaky Friday,Lil Dicky featuring Chris Brown,2018,55
Gummo,6ix9ine,2018,56
Plug Walk,Rich the Kid,2018,57
Wait,Maroon 5,2018,58
Be Careful,Cardi B,2018,59
Wolves,Selena Gomez and Marshmello,2018,60
Bartier Cardi,Cardi B featuring 21 Savage,2018,61
God Is a Woman,Ariana Grande,2018,62
Big Bank,"YG featuring 2 Chainz, Nicki Minaj and Big Sean",2018,63
Sorry Not Sorry,Demi Lovato,2018,64
How Long,Charlie Puth,2018,65
Lights Down Low,Max featuring Gnash,2018,66
Young Dumb & Broke,Khalid,2018,67
One Kiss,Calvin Harris and Dua Lipa,2018,68
Natural,Imagine Dragons,2018,69
You Make It Easy,Jason Aldean,2018,70
Shape of You,Ed Sheeran,2018,71
I Get the Bag,Gucci Mane featuring Migos,2018,72
No Brainer,"DJ Khaled featuring Justin Bieber, Chance the Rapper and Quavo",2018,73
Plain Jane,ASAP Ferg featuring Nicki Minaj,2018,74
Sky Walker,Miguel featuring Travis Scott,2018,75
Marry Me,Thomas Rhett,2018,76
Eastside,"Benny Blanco, Halsey and Khalid",2018,77
Call Out My Name,The Weeknd,2018,78
King's Dead,"Jay Rock, Kendrick Lamar, Future and James Blake",2018,79
Happier,Marshmello and Bastille,2018,80
Te Boté,"Nio García, Darell and Casper Mágico featuring Bad Bunny, Nicky Jam and Ozuna",2018,81
Simple,Florida Georgia Line,2018,82
Lemon,N.E.R.D and Rihanna,2018,83
1-800-273-8255,Logic featuring Alessia Cara and Khalid,2018,84
Say Something,Justin Timberlake featuring Chris Stapleton,2018,85
I'm Upset,Drake,2018,86
Get Along,Kenny Chesney,2018,87
Moonlight,XXXTentacion,2018,88
What Lovers Do,Maroon 5 featuring SZA,2018,89
X,Nicky Jam and J Balvin,2018,90
Outside Today,YoungBoy Never Broke Again,2018,91
Trip,Ella Mai,2018,92
Dura,Daddy Yankee,2018,93
Changes,XXXTentacion,2018,94
Mercy,Brett Young,2018,95
One Number Away,Luke Combs,2018,96
Powerglide,Rae Sremmurd featuring Juicy J,2018,97
IDGAF,Dua Lipa,2018,98
Mi Gente,J Balvin and Willy William featuring Beyoncé,2018,99
Believer,Imagine Dragons,2018,100
Old Town Road,Lil Nas X featuring Billy Ray Cyrus,2019,1
Sunflower,Post Malone and Swae Lee,2019,2
Without Me,Halsey,2019,3
Bad Guy,Billie Eilish,2019,4
Wow,Post Malone,2019,5
Happier,Marshmello and Bastille,2019,6
7 Rings,Ariana Grande,2019,7
Talk,Khalid,2019,8
Sicko Mode,Travis Scott,2019,9
Sucker,Jonas Brothers,2019,10
High Hopes,Panic! at the Disco,2019,11
"Thank U, Next",Ariana Grande,2019,12
Truth Hurts,Lizzo,2019,13
Dancing with a Stranger,Sam Smith and Normani,2019,14
Señorita,Shawn Mendes and Camila Cabello,2019,15
I Don't Care,Ed Sheeran and Justin Bieber,2019,16
Eastside,"Benny Blanco, Halsey and Khalid",2019,17
Going Bad,Meek Mill featuring Drake,2019,18
Shallow,Lady Gaga and Bradley Cooper,2019,19
Better,Khalid,2019,20
No Guidance,Chris Brown featuring Drake,2019,21
Girls Like You,Maroon 5 featuring Cardi B,2019,22
Sweet but Psycho,Ava Max,2019,23
Suge,DaBaby,2019,24
Middle Child,J. Cole,2019,25
Drip Too Hard,Lil Baby and Gunna,2019,26
Someone You Loved,Lewis Capaldi,2019,27
Ransom,Lil Tecca,2019,28
If I Can't Have You,Shawn Mendes,2019,29
Goodbyes,Post Malone featuring Young Thug,2019,30
Zeze,Kodak Black featuring Travis Scott and Offset,2019,31
Better Now,Post Malone,2019,32
Youngblood,5 Seconds of Summer,2019,33
Money in the Grave,Drake featuring Rick Ross,2019,34
Speechless,Dan + Shay,2019,35
"Break Up with Your Girlfriend, I'm Bored",Ariana Grande,2019,36
Please Me,Cardi B and Bruno Mars,2019,37
Money,Cardi B,2019,38
You Need to Calm Down,Taylor Swift,2019,39
Panini,Lil Nas X,2019,40
Look Back at It,A Boogie wit da Hoodie,2019,41
A Lot,21 Savage,2019,42
Me!,Taylor Swift featuring Brendon Urie,2019,43
Mia,Bad Bunny featuring Drake,2019,44
Pop Out,Polo G featuring Lil Tjay,2019,45
Beautiful Crazy,Luke Combs,2019,46
Thotiana,Blueface,2019,47
Lucid Dreams,Juice Wrld,2019,48
Mo Bamba,Sheck Wes,2019,49
Beautiful People,Ed Sheeran featuring Khalid,2019,50
Wake Up in the Sky,"Gucci Mane, Bruno Mars and Kodak Black",2019,51
Whiskey Glasses,Morgan Wallen,2019,52
God's Country,Blake Shelton,2019,53
Be Alright,Dean Lewis,2019,54
Pure Water,Mustard and Migos,2019,55
The Git Up,Blanco Brown,2019,56
Taki Taki,"DJ Snake featuring Selena Gomez, Ozuna and Cardi B",2019,57
Close to Me,Ellie Goulding and Diplo featuring Swae Lee,2019,58
Envy Me,Calboy,2019,59
You Say,Lauren Daigle,2019,60
"Hey Look Ma, I Made It",Panic! at the Disco,2019,61
Circles,Post Malone,2019,62
Beer Never Broke My Heart,Luke Combs,2019,63
The London,"Young Thug, J. Cole and Travis Scott",2019,64
Con Calma,Daddy Yankee and Katy Perry featuring Snow,2019,65
Murder on My Mind,YNW Melly,2019,66
When the Party's Over,Billie Eilish,2019,67
Act Up,City Girls,2019,68
I Like It,"Cardi B, Bad Bunny and J Balvin",2019,69
Trampoline,Shaed,2019,70
Leave Me Alone,Flipp Dinero,2019,71
Breathin,Ariana Grande,2019,72
Bury a Friend,Billie Eilish,2019,73
Close Friends,Lil Baby,2019,74
Baby Shark,Pinkfong,2019,75
My Type,Saweetie,2019,76
Worth It,YK Osiris,2019,77
Only Human,Jonas Brothers,2019,78
Knockin' Boots,Luke Bryan,2019,79
Trip,Ella Mai,2019,80
Rumor,Lee Brice,2019,81
Swervin,A Boogie wit da Hoodie featuring 6ix9ine,2019,82
How Do You Sleep?,Sam Smith,2019,83
Baby,Lil Baby and DaBaby,2019,84
Look What God Gave Her,Thomas Rhett,2019,85
Good as You,Kane Brown,2019,86
Clout,Offset featuring Cardi B,2019,87
Love Lies,Khalid and Normani,2019,88
One Thing Right,Marshmello and Kane Brown,2019,89
Cash Shit,Megan Thee Stallion featuring DaBaby,2019,90
Tequila,Dan + Shay,2019,91
Shotta Flow,NLE Choppa,2019,92
Hot Girl Summer,Megan Thee Stallion featuring Nicki Minaj and Ty Dolla Sign,2019,93
Talk You Out of It,Florida Georgia Line,2019,94
Beautiful,Bazzi featuring Camila Cabello,2019,95
Eyes on You,Chase Rice,2019,96
All to Myself,Dan + Shay,2019,97
Boyfriend,Ariana Grande and Social House,2019,98
Walk Me Home,Pink,2019,99
Robbery,Juice Wrld,2019,100
Blinding Lights,The Weeknd,2020,1
Circles,Post Malone,2020,2
The Box,Roddy Ricch,2020,3
Don't Start Now,Dua Lipa,2020,4
Rockstar,DaBaby featuring Roddy Ricch,2020,5
Adore You,Harry Styles,2020,6
Life Is Good,Future featuring Drake,2020,7
Memories,Maroon 5,2020,8
The Bones,Maren Morris,2020,9
Someone You Loved,Lewis Capaldi,2020,10
Say So,Doja Cat,2020,11
I Hope,Gabby Barrett featuring Charlie Puth,2020,12
Whats Poppin,"Jack Harlow featuring DaBaby, Tory Lanez and Lil Wayne",2020,13
Dance Monkey,Tones and I,2020,14
Savage,Megan Thee Stallion featuring Beyoncé,2020,15
Roxanne,Arizona Zervas,2020,16
Intentions,Justin Bieber featuring Quavo,2020,17
Everything I Wanted,Billie Eilish,2020,18
Roses (Imanbek remix),Saint Jhn,2020,19
Watermelon Sugar,Harry Styles,2020,20
Before You Go,Lewis Capaldi,2020,21
Falling,Trevor Daniel,2020,22
"10,000 Hours",Dan + Shay and Justin Bieber,2020,23
WAP,Cardi B featuring Megan Thee Stallion,2020,24
Ballin',Mustard and Roddy Ricch,2020,25
Hot Girl Bummer,Blackbear,2020,26
Blueberry Faygo,Lil Mosey,2020,27
Heartless,The Weeknd,2020,28
Bop,DaBaby,2020,29
Lose You to Love Me,Selena Gomez,2020,30
Good as Hell,Lizzo,2020,31
Toosie Slide,Drake,2020,32
Break My Heart,Dua Lipa,2020,33
Chasin' You,Morgan Wallen,2020,34
Savage Love (Laxed – Siren Beat),Jawsh 685 and Jason Derulo,2020,35
No Guidance,Chris Brown featuring Drake,2020,36
My Oh My,Camila Cabello featuring DaBaby,2020,37
Dynamite,BTS,2020,38
Go Crazy,Chris Brown and Young Thug,2020,39
High Fashion,Roddy Ricch featuring Mustard,2020,40
Laugh Now Cry Later,Drake featuring Lil Durk,2020,41
Woah,Lil Baby,2020,42
Death Bed,Powfu featuring Beabadoobee,2020,43
Señorita,Shawn Mendes and Camila Cabello,2020,44
Highest in the Room,Travis Scott,2020,45
Bad Guy,Billie Eilish,2020,46
Mood,24kGoldn featuring Iann Dior,2020,47
Rain on Me,Lady Gaga and Ariana Grande,2020,48
For the Night,Pop Smoke featuring Lil Baby and DaBaby,2020,49
Ritmo (Bad Boys for Life),Black Eyed Peas and J Balvin,2020,50
Heart on Ice,Rod Wave,2020,51
Nobody but You,Blake Shelton and Gwen Stefani,2020,52
Trampoline,Shaed,2020,53
Come & Go,Juice Wrld and Marshmello,2020,54
Truth Hurts,Lizzo,2020,55
If the World Was Ending,JP Saxe featuring Julia Michaels,2020,56
We Paid,Lil Baby and 42 Dugg,2020,57
Yummy,Justin Bieber,2020,58
One Man Band,Old Dominion,2020,59
Got What I Got,Jason Aldean,2020,60
Sunday Best,Surfaces,2020,61
Godzilla,Eminem featuring Juice Wrld,2020,62
Bandit,Juice Wrld and YoungBoy Never Broke Again,2020,63
Party Girl,StaySolidRocky,2020,64
Die from a Broken Heart,Maddie & Tae,2020,65
Popstar,DJ Khaled featuring Drake,2020,66
All I Want for Christmas Is You,Mariah Carey,2020,67
One of Them Girls,Lee Brice,2020,68
Hard to Forget,Sam Hunt,2020,69
One Margarita,Luke Bryan,2020,70
Panini,Lil Nas X,2020,71
Hot,Young Thug featuring Gunna,2020,72
I Hope You're Happy Now,Carly Pearce and Lee Brice,2020,73
Emotionally Scarred,Lil Baby,2020,74
Suicidal,YNW Melly featuring Juice Wrld,2020,75
The Bigger Picture,Lil Baby,2020,76
Only Human,Jonas Brothers,2020,77
The Woo,Pop Smoke featuring 50 Cent and Roddy Ricch,2020,78
Sum 2 Prove,Lil Baby,2020,79
Stuck with U,Ariana Grande and Justin Bieber,2020,80
Mood Swings,Pop Smoke featuring Lil Tjay,2020,81
You Should Be Sad,Halsey,2020,82
Dior,Pop Smoke,2020,83
Supalonely,Benee featuring Gus Dapperton,2020,84
Even Though I'm Leaving,Luke Combs,2020,85
The Scotts,The Scotts (Travis Scott and Kid Cudi),2020,86
Juicy,Doja Cat and Tyga,2020,87
Be Like That,"Kane Brown, Swae Lee and Khalid",2020,88
Homesick,Kane Brown,2020,89
Rags2Riches,Rod Wave featuring ATR Son Son,2020,90
Bluebird,Miranda Lambert,2020,91
Wishing Well,Juice Wrld,2020,92
Does to Me,Luke Combs featuring Eric Church,2020,93
Pussy Fairy (OTW),Jhené Aiko,2020,94
ILY (I Love You Baby),Surf Mesa featuring Emilee,2020,95
More Than My Hometown,Morgan Wallen,2020,96
Lovin' on You,Luke Combs,2020,97
Said Sum,Moneybagg Yo,2020,98
Slide,H.E.R. featuring YG,2020,99
Walk Em Down,NLE Choppa featuring Roddy Ricch,2020,100
Levitating,Dua Lipa,2021,1
Save Your Tears,The Weeknd and Ariana Grande,2021,2
Blinding Lights,The Weeknd,2021,3
Mood,24kGoldn featuring Iann Dior,2021,4
Good 4 U,Olivia Rodrigo,2021,5
Kiss Me More,Doja Cat featuring SZA,2021,6
Leave the Door Open,Silk Sonic (Bruno Mars and Anderson .Paak),2021,7
Drivers License,Olivia Rodrigo,2021,8
Montero (Call Me by Your Name),Lil Nas X,2021,9
Peaches,Justin Bieber featuring Daniel Caesar and Giveon,2021,10
Butter,BTS,2021,11
Stay,The Kid Laroi and Justin Bieber,2021,12
Deja Vu,Olivia Rodrigo,2021,13
Positions,Ariana Grande,2021,14
Bad Habits,Ed Sheeran,2021,15
Heat Waves,Glass Animals,2021,16
Without You,The Kid Laroi,2021,17
Forever After All,Luke Combs,2021,18
Go Crazy,Chris Brown and Young Thug,2021,19
Astronaut in the Ocean,Masked Wolf,2021,20
34+35,Ariana Grande featuring Doja Cat and Megan Thee Stallion,2021,21
What You Know Bout Love,Pop Smoke,2021,22
My Ex's Best Friend,Machine Gun Kelly featuring Blackbear,2021,23
Industry Baby,Lil Nas X and Jack Harlow,2021,24
Therefore I Am,Billie Eilish,2021,25
Up,Cardi B,2021,26
Fancy Like,Walker Hayes,2021,27
Dakiti,Bad Bunny and Jhay Cortez,2021,28
Best Friend,Saweetie featuring Doja Cat,2021,29
Rapstar,Polo G,2021,30
Heartbreak Anniversary,Giveon,2021,31
For the Night,Pop Smoke featuring Lil Baby and DaBaby,2021,32
Calling My Phone,Lil Tjay and 6lack,2021,33
Beautiful Mistakes,Maroon 5 featuring Megan Thee Stallion,2021,34
Holy,Justin Bieber featuring Chance the Rapper,2021,35
On Me,Lil Baby,2021,36
You Broke Me First,Tate McRae,2021,37
Traitor,Olivia Rodrigo,2021,38
Back in Blood,Pooh Shiesty featuring Lil Durk,2021,39
I Hope,Gabby Barrett featuring Charlie Puth,2021,40
Dynamite,BTS,2021,41
Wockesha,Moneybagg Yo,2021,42
You Right,Doja Cat and the Weeknd,2021,43
Beat Box,SpotemGottem featuring Pooh Shiesty or DaBaby,2021,44
Laugh Now Cry Later,Drake featuring Lil Durk,2021,45
Need to Know,Doja Cat,2021,46
Wants and Needs,Drake featuring Lil Baby,2021,47
Way 2 Sexy,Drake featuring Future and Young Thug,2021,48
Telepatía,Kali Uchis,2021,49
Whoopty,CJ,2021,50
Lemonade,Internet Money and Gunna featuring Don Toliver and Nav,2021,51
Good Days,SZA,2021,52
Starting Over,Chris Stapleton,2021,53
Body,Megan Thee Stallion,2021,54
Willow,Taylor Swift,2021,55
Bang!,AJR,2021,56
Better Together,Luke Combs,2021,57
You're Mines Still,Yung Bleu featuring Drake,2021,58
Every Chance I Get,DJ Khaled featuring Lil Baby and Lil Durk,2021,59
Essence,Wizkid featuring Justin Bieber and Tems,2021,60
Chasing After You,Ryan Hurd and Maren Morris,2021,61
The Good Ones,Gabby Barrett,2021,62
Leave Before You Love Me,Marshmello and Jonas Brothers,2021,63
Glad You Exist,Dan + Shay,2021,64
Lonely,Justin Bieber and Benny Blanco,2021,65
Beggin',Måneskin,2021,66
Streets,Doja Cat,2021,67
What's Next,Drake,2021,68
Famous Friends,Chris Young and Kane Brown,2021,69
Lil Bit,Nelly and Florida Georgia Line,2021,70
Thot Shit,Megan Thee Stallion,2021,71
Late at Night,Roddy Ricch,2021,72
Kings & Queens,Ava Max,2021,73
Anyone,Justin Bieber,2021,74
Track Star,Mooski,2021,75
Time Today,Moneybagg Yo,2021,76
Cry Baby,Megan Thee Stallion featuring DaBaby,2021,77
All I Want for Christmas Is You,Mariah Carey,2021,78
No More Parties,Coi Leray featuring Lil Durk,2021,79
What's Your Country Song,Thomas Rhett,2021,80
One Too Many,Keith Urban and Pink,2021,81
Arcade,Duncan Laurence,2021,82
Yonaguni,Bad Bunny,2021,83
Good Time,Niko Moon,2021,84
If I Didn't Love You,Jason Aldean and Carrie Underwood,2021,85
Knife Talk,Drake featuring 21 Savage and Project Pat,2021,86
POV,Ariana Grande,2021,87
Just the Way,Parmalee and Blanco Brown,2021,88
Take My Breath,The Weeknd,2021,89
We're Good,Dua Lipa,2021,90
Hell of a View,Eric Church,2021,91
Rockin' Around the Christmas Tree,Brenda Lee,2021,92
Put Your Records On,Ritt Momney,2021,93
Happier Than Ever,Billie Eilish,2021,94
Single Saturday Night,Cole Swindell,2021,95
Things a Man Oughta Know,Lainey Wilson,2021,96
Throat Baby (Go Baby),BRS Kash,2021,97
Tombstone,Rod Wave,2021,98
Drinkin' Beer. Talkin' God. Amen.,Chase Rice featuring Florida Georgia Line,2021,99
Todo de Ti,Rauw Alejandro,2021,100
Heat Waves,Glass Animals,2022,1
As It Was,Harry Styles,2022,2
Stay,The Kid Laroi and Justin Bieber,2022,3
Easy on Me,Adele,2022,4
Shivers,Ed Sheeran,2022,5
First Class,Jack Harlow,2022,6
Big Energy,Latto,2022,7
Ghost,Justin Bieber,2022,8
Super Gremlin,Kodak Black,2022,9
Cold Heart (Pnau remix),Elton John and Dua Lipa,2022,10
Wait for U,Future featuring Drake and Tems,2022,11
About Damn Time,Lizzo,2022,12
Bad Habits,Ed Sheeran,2022,13
Thats What I Want,Lil Nas X,2022,14
Enemy,Imagine Dragons and JID,2022,15
Industry Baby,Lil Nas X and Jack Harlow,2022,16
ABCDEFU,Gayle,2022,17
Need to Know,Doja Cat,2022,18
Wasted on You,Morgan Wallen,2022,19
Me Porto Bonito,Bad Bunny and Chencho Corleone,2022,20
Woman,Doja Cat,2022,21
Tití Me Preguntó,Bad Bunny,2022,22
Running Up That Hill (A Deal with God),Kate Bush,2022,23
We Don't Talk About Bruno,"Carolina Gaitán, Mauro Castillo, Adassa, Rhenzy Feliz, Diane Guerrero, Stephanie Beatriz and the Encanto cast",2022,24
Late Night Talking,Harry Styles,2022,25
I Like You (A Happier Song),Post Malone featuring Doja Cat,2022,26
You Proof,Morgan Wallen,2022,27
Bad Habit,Steve Lacy,2022,28
Sunroof,Nicky Youre and Dazy,2022,29
One Right Now,Post Malone and the Weeknd,2022,30
Good 4 U,Olivia Rodrigo,2022,31
Numb Little Bug,Em Beihold,2022,32
Jimmy Cooks,Drake featuring 21 Savage,2022,33
'Til You Can't,Cody Johnson,2022,34
Fancy Like,Walker Hayes,2022,35
The Kind of Love We Make,Luke Combs,2022,36
I Ain't Worried,OneRepublic,2022,37
Break My Soul,Beyoncé,2022,38
Something in the Orange,Zach Bryan,2022,39
Save Your Tears,The Weeknd and Ariana Grande,2022,40
Smokin out the Window,Silk Sonic (Bruno Mars and Anderson .Paak),2022,41
Levitating,Dua Lipa,2022,42
In a Minute,Lil Baby,2022,43
Moscow Mule,Bad Bunny,2022,44
You Right,Doja Cat and the Weeknd,2022,45
She Had Me at Heads Carolina,Cole Swindell,2022,46
Vegas,Doja Cat,2022,47
Pushin P,Gunna and Future featuring Young Thug,2022,48
Buy Dirt,Jordan Davis and Luke Bryan,2022,49
I Hate U,SZA,2022,50
Boyfriend,Dove Cameron,2022,51
Glimpse of Us,Joji,2022,52
Surface Pressure,Jessica Darrow,2022,53
Fall in Love,Bailey Zimmerman,2022,54
Love Nwantiti (Ah Ah Ah),CKay,2022,55
Super Freaky Girl,Nicki Minaj,2022,56
Hrs and Hrs,Muni Long,2022,57
Sand in My Boots,Morgan Wallen,2022,58
Mamiii,Becky G and Karol G,2022,59
Knife Talk,Drake featuring 21 Savage and Project Pat,2022,60
AA,Walker Hayes,2022,61
Sweetest Pie,Megan Thee Stallion and Dua Lipa,2022,62
Provenza,Karol G,2022,63
Essence,Wizkid featuring Justin Bieber and Tems,2022,64
All I Want for Christmas Is You,Mariah Carey,2022,65
Bam Bam,Camila Cabello featuring Ed Sheeran,2022,66
5 Foot 9,Tyler Hubbard,2022,67
Get Into It (Yuh),Doja Cat,2022,68
Efecto,Bad Bunny,2022,69
Rock and a Hard Place,Bailey Zimmerman,2022,70
Doin' This,Luke Combs,2022,71
Oh My God,Adele,2022,72
Better Days,"Neiked, Mae Muller and Polo G",2022,73
Meet Me at Our Spot,The Anxiety: Willow and Tyler Cole,2022,74
Fingers Crossed,Lauren Spencer-Smith,2022,75
All Too Well (Taylor's Version),Taylor Swift,2022,76
Party,Bad Bunny and Rauw Alejandro,2022,77
Después de la Playa,Bad Bunny,2022,78
You Should Probably Leave,Chris Stapleton,2022,79
Rockin' Around the Christmas Tree,Brenda Lee,2022,80
Broadway Girls,Lil Durk featuring Morgan Wallen,2022,81
Take My Name,Parmalee,2022,82
What Happened to Virgil,Lil Durk featuring Gunna,2022,83
Puffin on Zootiez,Future,2022,84
Like I Love Country Music,Kane Brown,2022,85
Jingle Bell Rock,Bobby Helms,2022,86
Ojitos Lindos,Bad Bunny and Bomba Estéreo,2022,87
Trouble with a Heartbreak,Jason Aldean,2022,88
A Holly Jolly Christmas,Burl Ives,2022,89
Kiss Me More,Doja Cat featuring SZA,2022,90
She Likes It,Russell Dickerson featuring Jake Scott,2022,91
Never Say Never,Cole Swindell and Lainey Wilson,2022,92
Damn Strait,Scotty McCreery,2022,93
She's All I Wanna Be,Tate McRae,2022,94
Last Night Lonely,Jon Pardi,2022,95
Flower Shops,Ernest featuring Morgan Wallen,2022,96
To the Moon,Jnr Choi and Sam Tompkins,2022,97
Unholy,Sam Smith and Kim Petras,2022,98
One Mississippi,Kane Brown,2022,99
Circles Around This Town,Maren Morris,2022,100
